date,event,period,quantity,mw,time_from_ist,time_to_ist,frequency_hz
2024-04-01,maximum,day,generation,1156.0,16:00,16:30,49.97
2024-04-01,maximum,day,consumption,4562.0,16:00,16:30,49.97
2024-04-01,maximum,evening,generation,1631.0,22:00,22:30,49.96
2024-04-01,maximum,evening,consumption,5265.0,22:30,23:00,50.03
2024-04-01,maximum,morning,generation,783.0,05:30,06:00,50.09
2024-04-01,maximum,morning,consumption,3888.0,05:30,06:00,50.09
2024-04-01,minimum,night,generation,621.0,04:30,05:00,50.05
2024-04-01,minimum,night,consumption,3846.0,04:30,05:00,50.05
2024-04-01,minimum,day,generation,332.0,08:00,08:30,50.05
2024-04-01,minimum,day,consumption,3843.0,09:00,09:30,50.03
2024-04-02,maximum,day,generation,1252.0,15:30,16:00,50.03
2024-04-02,maximum,day,consumption,4691.0,15:30,16:00,50.03
2024-04-02,maximum,evening,generation,1621.0,22:00,22:30,49.99
2024-04-02,maximum,evening,consumption,5262.0,22:30,23:00,49.95
2024-04-02,maximum,morning,generation,890.0,05:30,06:00,50.07
2024-04-02,maximum,morning,consumption,4028.0,05:30,06:00,50.07
2024-04-02,minimum,night,generation,688.0,01:30,02:00,50.04
2024-04-02,minimum,night,consumption,4004.0,05:00,05:30,49.97
2024-04-02,minimum,day,generation,402.0,08:00,08:30,50.02
2024-04-02,minimum,day,consumption,3973.0,09:00,09:30,50.0
2024-04-03,maximum,day,generation,1385.0,16:00,16:30,50.09
2024-04-03,maximum,day,consumption,4704.0,15:30,16:00,50.05
2024-04-03,maximum,evening,generation,1579.0,22:00,22:30,50.0
2024-04-03,maximum,evening,consumption,5359.0,22:30,23:00,50.03
2024-04-03,maximum,morning,generation,887.0,05:00,05:30,49.91
2024-04-03,maximum,morning,consumption,4042.0,05:00,05:30,49.91
2024-04-03,minimum,night,generation,648.0,04:30,05:00,50.0
2024-04-03,minimum,night,consumption,3947.0,04:30,05:00,50.0
2024-04-03,minimum,day,generation,409.0,10:00,10:30,49.95
2024-04-03,minimum,day,consumption,3966.0,09:00,09:30,49.97
2024-04-04,maximum,day,generation,1438.0,15:30,16:00,50.0
2024-04-04,maximum,day,consumption,4735.0,15:30,16:00,50.0
2024-04-04,maximum,evening,generation,1667.0,22:00,22:30,49.95
2024-04-04,maximum,evening,consumption,5220.0,22:30,23:00,50.05
2024-04-04,maximum,morning,generation,914.0,05:00,05:30,50.08
2024-04-04,maximum,morning,consumption,4064.0,05:30,06:00,50.07
2024-04-04,minimum,night,generation,914.0,05:00,05:30,50.08
2024-04-04,minimum,night,consumption,4012.0,04:30,05:00,50.04
2024-04-04,minimum,day,generation,435.0,08:00,08:30,50.0
2024-04-04,minimum,day,consumption,3896.0,09:00,09:30,49.94
2024-04-05,maximum,day,generation,1377.0,17:30,18:00,50.12
2024-04-05,maximum,day,consumption,4847.0,16:30,17:00,50.1
2024-04-05,maximum,evening,generation,1653.0,22:00,22:30,49.97
2024-04-05,maximum,evening,consumption,5289.0,22:00,22:30,49.97
2024-04-05,maximum,morning,generation,1054.0,05:30,06:00,50.02
2024-04-05,maximum,morning,consumption,4023.0,05:30,06:00,50.02
2024-04-05,minimum,night,generation,957.0,04:30,05:00,49.95
2024-04-05,minimum,night,consumption,3973.0,04:30,05:00,49.95
2024-04-05,minimum,day,generation,537.0,13:00,13:30,50.12
2024-04-05,minimum,day,consumption,3940.0,09:00,09:30,50.02
2024-04-06,maximum,day,generation,1182.0,17:30,18:00,50.16
2024-04-06,maximum,day,consumption,4712.0,15:00,15:30,50.0
2024-04-06,maximum,evening,generation,1673.0,22:00,22:30,49.95
2024-04-06,maximum,evening,consumption,5364.0,22:00,22:30,49.95
2024-04-06,maximum,morning,generation,1052.0,05:30,06:00,50.07
2024-04-06,maximum,morning,consumption,4120.0,05:30,06:00,50.07
2024-04-06,minimum,night,generation,839.0,04:30,05:00,50.03
2024-04-06,minimum,night,consumption,4036.0,04:30,05:00,50.03
2024-04-06,minimum,day,generation,282.0,10:00,10:30,50.01
2024-04-06,minimum,day,consumption,3873.0,09:00,09:30,50.02
2024-04-07,maximum,day,generation,454.0,17:30,18:00,50.05
2024-04-07,maximum,day,consumption,4141.0,15:00,15:30,50.0
2024-04-07,maximum,evening,generation,1375.0,21:30,22:00,50.04
2024-04-07,maximum,evening,consumption,5412.0,22:30,23:00,50.09
2024-04-07,maximum,morning,generation,1077.0,05:00,05:30,50.06
2024-04-07,maximum,morning,consumption,4253.0,05:00,05:30,50.06
2024-04-07,minimum,night,generation,454.0,17:30,18:00,50.05
2024-04-07,minimum,night,consumption,4145.0,18:00,18:30,50.09
2024-04-07,minimum,day,generation,275.0,17:00,17:30,50.03
2024-04-07,minimum,day,consumption,3517.0,10:30,11:00,50.01
2024-04-08,maximum,day,generation,1294.0,17:30,18:00,50.11
2024-04-08,maximum,day,consumption,4820.0,15:30,16:00,50.03
2024-04-08,maximum,evening,generation,1636.0,22:00,22:30,50.04
2024-04-08,maximum,evening,consumption,5487.0,22:30,23:00,50.08
2024-04-08,maximum,morning,generation,939.0,06:00,06:30,50.07
2024-04-08,maximum,morning,consumption,4119.0,05:30,06:00,50.08
2024-04-08,minimum,night,generation,614.0,04:30,05:00,50.06
2024-04-08,minimum,night,consumption,4089.0,04:30,05:00,50.06
2024-04-08,minimum,day,generation,413.0,07:30,08:00,50.01
2024-04-08,minimum,day,consumption,4018.0,09:00,09:30,50.0
2024-04-09,maximum,day,generation,1268.0,16:30,17:00,49.93
2024-04-09,maximum,day,consumption,4897.0,15:30,16:00,50.09
2024-04-09,maximum,evening,generation,1647.0,22:00,22:30,50.0
2024-04-09,maximum,evening,consumption,5493.0,22:30,23:00,49.99
2024-04-09,maximum,morning,generation,756.0,05:00,05:30,50.02
2024-04-09,maximum,morning,consumption,4276.0,05:00,05:30,50.02
2024-04-09,minimum,night,generation,530.0,04:30,05:00,50.01
2024-04-09,minimum,night,consumption,4205.0,04:30,05:00,50.01
2024-04-09,minimum,day,generation,443.0,09:00,09:30,50.06
2024-04-09,minimum,day,consumption,4066.0,09:00,09:30,50.06
2024-04-10,maximum,day,generation,911.0,15:30,16:00,50.14
2024-04-10,maximum,day,consumption,4446.0,15:30,16:00,50.14
2024-04-10,maximum,evening,generation,1445.0,22:00,22:30,50.02
2024-04-10,maximum,evening,consumption,5389.0,22:30,23:00,50.04
2024-04-10,maximum,morning,generation,755.0,05:30,06:00,50.1
2024-04-10,maximum,morning,consumption,4279.0,05:00,05:30,49.97
2024-04-10,minimum,night,generation,563.0,18:30,19:00,49.96
2024-04-10,minimum,night,consumption,4142.0,18:00,18:30,50.06
2024-04-10,minimum,day,generation,178.0,08:00,08:30,50.02
2024-04-10,minimum,day,consumption,3550.0,09:00,09:30,50.03
2024-04-11,maximum,day,generation,1230.0,17:30,18:00,50.04
2024-04-11,maximum,day,consumption,4715.0,15:30,16:00,49.99
2024-04-11,maximum,evening,generation,1528.0,22:00,22:30,49.97
2024-04-11,maximum,evening,consumption,5319.0,22:00,22:30,49.97
2024-04-11,maximum,morning,generation,692.0,06:00,06:30,50.01
2024-04-11,maximum,morning,consumption,4108.0,05:30,06:00,50.07
2024-04-11,minimum,night,generation,555.0,04:00,04:30,49.97
2024-04-11,minimum,night,consumption,4056.0,05:00,05:30,49.98
2024-04-11,minimum,day,generation,401.0,09:30,10:00,50.05
2024-04-11,minimum,day,consumption,3963.0,09:30,10:00,50.05
2024-04-12,maximum,day,generation,904.0,16:30,17:00,50.11
2024-04-12,maximum,day,consumption,4605.0,15:30,16:00,49.98
2024-04-12,maximum,evening,generation,956.0,22:00,22:30,50.02
2024-04-12,maximum,evening,consumption,4769.0,23:00,23:30,49.98
2024-04-12,maximum,morning,generation,697.0,05:30,06:00,50.07
2024-04-12,maximum,morning,consumption,4083.0,05:30,06:00,50.07
2024-04-12,minimum,night,generation,458.0,21:00,21:30,50.01
2024-04-12,minimum,night,consumption,4076.0,05:00,05:30,50.0
2024-04-12,minimum,day,generation,359.0,08:30,09:00,50.03
2024-04-12,minimum,day,consumption,3959.0,09:00,09:30,50.03
2024-04-13,maximum,day,generation,566.0,17:30,18:00,50.06
2024-04-13,maximum,day,consumption,4336.0,15:30,16:00,50.04
2024-04-13,maximum,evening,generation,1230.0,22:00,22:30,50.03
2024-04-13,maximum,evening,consumption,4930.0,23:00,23:30,49.97
2024-04-13,maximum,morning,generation,430.0,06:00,06:30,50.05
2024-04-13,maximum,morning,consumption,3836.0,05:30,06:00,50.07
2024-04-13,minimum,night,generation,374.0,05:00,05:30,50.0
2024-04-13,minimum,night,consumption,3787.0,04:00,04:30,50.0
2024-04-13,minimum,day,generation,227.0,08:00,08:30,50.1
2024-04-13,minimum,day,consumption,3662.0,09:30,10:00,50.01
2024-04-14,maximum,day,generation,390.0,16:30,17:00,50.07
2024-04-14,maximum,day,consumption,3771.0,15:30,16:00,50.02
2024-04-14,maximum,evening,generation,1361.0,22:00,22:30,49.9
2024-04-14,maximum,evening,consumption,5003.0,22:30,23:00,50.01
2024-04-14,maximum,morning,generation,427.0,05:00,05:30,50.02
2024-04-14,maximum,morning,consumption,3742.0,05:00,05:30,50.02
2024-04-14,minimum,night,generation,231.0,17:30,18:00,50.17
2024-04-14,minimum,night,consumption,3706.0,18:00,18:30,50.09
2024-04-14,minimum,day,generation,156.0,07:30,08:00,50.08
2024-04-14,minimum,day,consumption,3008.0,09:30,10:00,50.05
2024-04-15,maximum,day,generation,1105.0,17:00,17:30,50.04
2024-04-15,maximum,day,consumption,4632.0,15:30,16:00,50.01
2024-04-15,maximum,evening,generation,1556.0,22:00,22:30,49.85
2024-04-15,maximum,evening,consumption,5347.0,23:00,23:30,49.99
2024-04-15,maximum,morning,generation,678.0,05:30,06:00,50.06
2024-04-15,maximum,morning,consumption,3847.0,05:30,06:00,50.06
2024-04-15,minimum,night,generation,454.0,03:30,04:00,50.04
2024-04-15,minimum,night,consumption,3837.0,05:00,05:30,49.96
2024-04-15,minimum,day,generation,345.0,09:00,09:30,49.93
2024-04-15,minimum,day,consumption,3673.0,09:00,09:30,49.93
2024-04-16,maximum,day,generation,1037.0,15:30,16:00,50.08
2024-04-16,maximum,day,consumption,4829.0,16:00,16:30,50.04
2024-04-16,maximum,evening,generation,1559.0,22:00,22:30,50.03
2024-04-16,maximum,evening,consumption,5482.0,22:30,23:00,50.03
2024-04-16,maximum,morning,generation,989.0,06:00,06:30,50.05
2024-04-16,maximum,morning,consumption,4074.0,05:00,05:30,49.94
2024-04-16,minimum,night,generation,922.0,18:30,19:00,50.03
2024-04-16,minimum,night,consumption,4074.0,05:00,05:30,49.94
2024-04-16,minimum,day,generation,438.0,08:00,08:30,49.98
2024-04-16,minimum,day,consumption,3854.0,09:00,09:30,50.06
2024-04-17,maximum,day,generation,834.0,16:00,16:30,50.13
2024-04-17,maximum,day,consumption,4802.0,15:30,16:00,50.0
2024-04-17,maximum,evening,generation,1577.0,22:00,22:30,50.04
2024-04-17,maximum,evening,consumption,5483.0,22:00,22:30,50.04
2024-04-17,maximum,morning,generation,917.0,06:00,06:30,50.08
2024-04-17,maximum,morning,consumption,4086.0,05:30,06:00,50.07
2024-04-17,minimum,night,generation,610.0,18:00,18:30,50.12
2024-04-17,minimum,night,consumption,4074.0,05:00,05:30,49.96
2024-04-17,minimum,day,generation,367.0,08:00,08:30,49.98
2024-04-17,minimum,day,consumption,3906.0,09:00,09:30,50.01
2024-04-18,maximum,day,generation,900.0,16:30,17:00,50.04
2024-04-18,maximum,day,consumption,4721.0,15:00,15:30,49.96
2024-04-18,maximum,evening,generation,1504.0,22:00,22:30,50.05
2024-04-18,maximum,evening,consumption,5355.0,22:00,22:30,50.05
2024-04-18,maximum,morning,generation,923.0,06:00,06:30,50.01
2024-04-18,maximum,morning,consumption,4052.0,05:00,05:30,50.02
2024-04-18,minimum,night,generation,671.0,18:00,18:30,50.11
2024-04-18,minimum,night,consumption,4052.0,05:00,05:30,50.02
2024-04-18,minimum,day,generation,360.0,11:00,11:30,50.03
2024-04-18,minimum,day,consumption,3946.0,09:00,09:30,49.95
2024-04-19,maximum,day,generation,885.0,17:30,18:00,50.03
2024-04-19,maximum,day,consumption,4828.0,15:00,15:30,50.04
2024-04-19,maximum,evening,generation,1633.0,22:00,22:30,50.04
2024-04-19,maximum,evening,consumption,5434.0,22:00,22:30,50.04
2024-04-19,maximum,morning,generation,764.0,06:00,06:30,50.07
2024-04-19,maximum,morning,consumption,4057.0,05:00,05:30,50.0
2024-04-19,minimum,night,generation,659.0,05:00,05:30,50.0
2024-04-19,minimum,night,consumption,4057.0,05:00,05:30,50.0
2024-04-19,minimum,day,generation,297.0,08:00,08:30,50.04
2024-04-19,minimum,day,consumption,3947.0,09:00,09:30,50.11
2024-04-20,maximum,day,generation,573.0,17:30,18:00,50.15
2024-04-20,maximum,day,consumption,4593.0,15:00,15:30,50.07
2024-04-20,maximum,evening,generation,1536.0,22:00,22:30,50.01
2024-04-20,maximum,evening,consumption,5288.0,22:30,23:00,49.95
2024-04-20,maximum,morning,generation,522.0,06:30,07:00,50.11
2024-04-20,maximum,morning,consumption,3987.0,05:00,05:30,49.98
2024-04-20,minimum,night,generation,492.0,05:00,05:30,49.98
2024-04-20,minimum,night,consumption,3987.0,05:00,05:30,49.98
2024-04-20,minimum,day,generation,235.0,08:00,08:30,49.99
2024-04-20,minimum,day,consumption,3860.0,09:00,09:30,49.93
2024-04-21,maximum,day,generation,303.0,15:00,15:30,50.0
2024-04-21,maximum,day,consumption,4057.0,15:00,15:30,50.0
2024-04-21,maximum,evening,generation,1458.0,22:00,22:30,49.99
2024-04-21,maximum,evening,consumption,5097.0,22:30,23:00,50.04
2024-04-21,maximum,morning,generation,537.0,05:00,05:30,49.97
2024-04-21,maximum,morning,consumption,3940.0,05:00,05:30,49.97
2024-04-21,minimum,night,generation,226.0,17:30,18:00,50.03
2024-04-21,minimum,night,consumption,3773.0,18:00,18:30,49.96
2024-04-21,minimum,day,generation,140.0,07:30,08:00,50.09
2024-04-21,minimum,day,consumption,3294.0,10:30,11:00,49.98
2024-04-22,maximum,day,generation,647.0,15:30,16:00,50.1
2024-04-22,maximum,day,consumption,4714.0,15:30,16:00,50.1
2024-04-22,maximum,evening,generation,1459.0,22:00,22:30,50.02
2024-04-22,maximum,evening,consumption,5289.0,22:30,23:00,50.05
2024-04-22,maximum,morning,generation,493.0,06:30,07:00,50.06
2024-04-22,maximum,morning,consumption,3869.0,05:00,05:30,50.06
2024-04-22,minimum,night,generation,369.0,05:00,05:30,50.06
2024-04-22,minimum,night,consumption,3784.0,04:30,05:00,49.95
2024-04-22,minimum,day,generation,203.0,07:30,08:00,50.09
2024-04-22,minimum,day,consumption,3849.0,09:00,09:30,50.01
2024-04-23,maximum,day,generation,720.0,16:30,17:00,50.08
2024-04-23,maximum,day,consumption,4782.0,14:30,15:00,50.04
2024-04-23,maximum,evening,generation,1455.0,22:00,22:30,50.05
2024-04-23,maximum,evening,consumption,5424.0,22:30,23:00,50.02
2024-04-23,maximum,morning,generation,475.0,05:30,06:00,50.03
2024-04-23,maximum,morning,consumption,3893.0,05:30,06:00,50.03
2024-04-23,minimum,night,generation,400.0,04:30,05:00,50.02
2024-04-23,minimum,night,consumption,3882.0,05:00,05:30,50.04
2024-04-23,minimum,day,generation,262.0,08:00,08:30,50.02
2024-04-23,minimum,day,consumption,3821.0,09:00,09:30,50.1
2024-04-24,maximum,day,generation,929.0,16:30,17:00,50.07
2024-04-24,maximum,day,consumption,4810.0,15:00,15:30,49.9
2024-04-24,maximum,evening,generation,1564.0,22:00,22:30,50.04
2024-04-24,maximum,evening,consumption,5454.0,22:00,22:30,50.04
2024-04-24,maximum,morning,generation,592.0,05:00,05:30,50.0
2024-04-24,maximum,morning,consumption,4004.0,05:00,05:30,50.0
2024-04-24,minimum,night,generation,570.0,18:00,18:30,50.14
2024-04-24,minimum,night,consumption,4004.0,04:30,05:00,50.06
2024-04-24,minimum,day,generation,275.0,07:30,08:00,50.22
2024-04-24,minimum,day,consumption,3945.0,09:00,09:30,49.94
2024-04-25,maximum,day,generation,974.0,17:00,17:30,50.09
2024-04-25,maximum,day,consumption,4927.0,15:30,16:00,50.1
2024-04-25,maximum,evening,generation,1647.0,22:00,22:30,49.99
2024-04-25,maximum,evening,consumption,5559.0,22:30,23:00,49.95
2024-04-25,maximum,morning,generation,516.0,05:00,05:30,50.04
2024-04-25,maximum,morning,consumption,3971.0,05:00,05:30,50.04
2024-04-25,minimum,night,generation,516.0,05:00,05:30,50.04
2024-04-25,minimum,night,consumption,3945.0,04:00,04:30,50.0
2024-04-25,minimum,day,generation,324.0,08:00,08:30,49.97
2024-04-25,minimum,day,consumption,3899.0,09:00,09:30,50.01
2024-04-26,maximum,day,generation,506.0,15:00,15:30,50.14
2024-04-26,maximum,day,consumption,4359.0,15:30,16:00,50.03
2024-04-26,maximum,evening,generation,1627.0,22:00,22:30,50.03
2024-04-26,maximum,evening,consumption,5608.0,22:30,23:00,50.03
2024-04-26,maximum,morning,generation,1019.0,06:00,06:30,50.01
2024-04-26,maximum,morning,consumption,4196.0,05:00,05:30,49.92
2024-04-26,minimum,night,generation,498.0,17:30,18:00,50.01
2024-04-26,minimum,night,consumption,4103.0,18:00,18:30,50.13
2024-04-26,minimum,day,generation,199.0,08:00,08:30,50.0
2024-04-26,minimum,day,consumption,3476.0,09:00,09:30,49.96
2024-04-27,maximum,day,generation,1158.0,16:30,17:00,50.03
2024-04-27,maximum,day,consumption,4889.0,15:30,16:00,50.07
2024-04-27,maximum,evening,generation,1621.0,21:30,22:00,50.09
2024-04-27,maximum,evening,consumption,5563.0,22:00,22:30,49.96
2024-04-27,maximum,morning,generation,776.0,05:30,06:00,50.06
2024-04-27,maximum,morning,consumption,4127.0,05:00,05:30,50.02
2024-04-27,minimum,night,generation,770.0,05:00,05:30,50.02
2024-04-27,minimum,night,consumption,4127.0,05:00,05:30,50.02
2024-04-27,minimum,day,generation,309.0,08:00,08:30,50.02
2024-04-27,minimum,day,consumption,3884.0,09:00,09:30,49.97
2024-04-28,maximum,day,generation,639.0,17:30,18:00,50.11
2024-04-28,maximum,day,consumption,4384.0,15:30,16:00,50.12
2024-04-28,maximum,evening,generation,1594.0,22:00,22:30,50.06
2024-04-28,maximum,evening,consumption,5516.0,22:00,22:30,50.06
2024-04-28,maximum,morning,generation,964.0,05:00,05:30,50.0
2024-04-28,maximum,morning,consumption,4277.0,05:00,05:30,50.0
2024-04-28,minimum,night,generation,514.0,18:00,18:30,50.11
2024-04-28,minimum,night,consumption,4078.0,18:00,18:30,50.11
2024-04-28,minimum,day,generation,266.0,09:00,09:30,50.08
2024-04-28,minimum,day,consumption,3496.0,10:30,11:00,50.08
2024-04-29,maximum,day,generation,1206.0,17:30,18:00,50.06
2024-04-29,maximum,day,consumption,5087.0,15:00,15:30,50.08
2024-04-29,maximum,evening,generation,1583.0,21:30,22:00,50.11
2024-04-29,maximum,evening,consumption,5646.0,21:30,22:00,50.11
2024-04-29,maximum,morning,generation,858.0,05:00,05:30,49.95
2024-04-29,maximum,morning,consumption,4170.0,05:00,05:30,49.95
2024-04-29,minimum,night,generation,858.0,05:00,05:30,49.95
2024-04-29,minimum,night,consumption,4170.0,05:00,05:30,49.95
2024-04-29,minimum,day,generation,417.0,08:30,09:00,50.04
2024-04-29,minimum,day,consumption,4025.0,09:00,09:30,49.97
2024-04-30,maximum,day,generation,1037.0,15:00,15:30,50.01
2024-04-30,maximum,day,consumption,4993.0,15:00,15:30,50.01
2024-04-30,maximum,evening,generation,1601.0,22:00,22:30,50.06
2024-04-30,maximum,evening,consumption,5476.0,22:30,23:00,50.03
2024-04-30,maximum,morning,generation,985.0,05:00,05:30,49.96
2024-04-30,maximum,morning,consumption,4319.0,05:00,05:30,49.96
2024-04-30,minimum,night,generation,738.0,18:00,18:30,50.1
2024-04-30,minimum,night,consumption,4319.0,05:00,05:30,49.96
2024-04-30,minimum,day,generation,451.0,08:30,09:00,50.06
2024-04-30,minimum,day,consumption,4184.0,09:00,09:30,49.98
2024-05-01,maximum,day,generation,744.0,15:30,16:00,50.05
2024-05-01,maximum,day,consumption,4677.0,15:00,15:30,50.03
2024-05-01,maximum,evening,generation,1594.0,22:00,22:30,50.06
2024-05-01,maximum,evening,consumption,5607.0,22:30,23:00,50.02
2024-05-01,maximum,morning,generation,659.0,05:00,05:30,50.02
2024-05-01,maximum,morning,consumption,4100.0,05:00,05:30,50.02
2024-05-01,minimum,night,generation,311.0,18:00,18:30,50.09
2024-05-01,minimum,night,consumption,4100.0,05:00,05:30,50.02
2024-05-01,minimum,day,generation,183.0,07:30,08:00,50.11
2024-05-01,minimum,day,consumption,3694.0,09:00,09:30,49.95
2024-05-02,maximum,day,generation,1170.0,16:30,17:00,50.05
2024-05-02,maximum,day,consumption,5084.0,15:00,15:30,50.05
2024-05-02,maximum,evening,generation,1617.0,22:00,22:30,50.04
2024-05-02,maximum,evening,consumption,5797.0,22:00,22:30,50.04
2024-05-02,maximum,morning,generation,720.0,05:00,05:30,50.05
2024-05-02,maximum,morning,consumption,4166.0,05:00,05:30,50.05
2024-05-02,minimum,night,generation,636.0,04:30,05:00,49.98
2024-05-02,minimum,night,consumption,4166.0,05:00,05:30,50.05
2024-05-02,minimum,day,generation,344.0,08:30,09:00,50.0
2024-05-02,minimum,day,consumption,4063.0,09:00,09:30,49.91
2024-05-03,maximum,day,generation,1187.0,15:30,16:00,49.87
2024-05-03,maximum,day,consumption,5111.0,15:00,15:30,50.02
2024-05-03,maximum,evening,generation,1554.0,22:00,22:30,50.09
2024-05-03,maximum,evening,consumption,5635.0,22:30,23:00,50.06
2024-05-03,maximum,morning,generation,930.0,05:00,05:30,50.03
2024-05-03,maximum,morning,consumption,4515.0,05:00,05:30,50.03
2024-05-03,minimum,night,generation,616.0,18:00,18:30,50.06
2024-05-03,minimum,night,consumption,4438.0,18:00,18:30,50.06
2024-05-03,minimum,day,generation,368.0,08:30,09:00,50.07
2024-05-03,minimum,day,consumption,4378.0,09:30,10:00,50.03
2024-05-04,maximum,day,generation,1039.0,17:30,18:00,50.08
2024-05-04,maximum,day,consumption,4912.0,15:30,16:00,50.06
2024-05-04,maximum,evening,generation,1581.0,22:00,22:30,50.01
2024-05-04,maximum,evening,consumption,5754.0,22:30,23:00,50.0
2024-05-04,maximum,morning,generation,713.0,05:30,06:00,50.06
2024-05-04,maximum,morning,consumption,4250.0,05:00,05:30,50.0
2024-05-04,minimum,night,generation,711.0,05:00,05:30,50.0
2024-05-04,minimum,night,consumption,4250.0,05:00,05:30,50.0
2024-05-04,minimum,day,generation,276.0,07:30,08:00,49.94
2024-05-04,minimum,day,consumption,4076.0,09:00,09:30,50.07
2024-05-05,maximum,day,generation,317.0,14:30,15:00,49.99
2024-05-05,maximum,day,consumption,4212.0,15:30,16:00,50.01
2024-05-05,maximum,evening,generation,1271.0,22:00,22:30,50.03
2024-05-05,maximum,evening,consumption,5482.0,22:30,23:00,49.99
2024-05-05,maximum,morning,generation,804.0,05:00,05:30,50.01
2024-05-05,maximum,morning,consumption,4280.0,05:00,05:30,50.01
2024-05-05,minimum,night,generation,155.0,17:30,18:00,50.17
2024-05-05,minimum,night,consumption,3875.0,18:00,18:30,50.11
2024-05-05,minimum,day,generation,154.0,08:00,08:30,50.17
2024-05-05,minimum,day,consumption,3452.0,11:30,12:00,49.98
2024-05-06,maximum,day,generation,805.0,17:30,18:00,50.11
2024-05-06,maximum,day,consumption,4890.0,15:30,16:00,50.06
2024-05-06,maximum,evening,generation,1368.0,22:00,22:30,50.06
2024-05-06,maximum,evening,consumption,5639.0,22:30,23:00,50.08
2024-05-06,maximum,morning,generation,521.0,05:30,06:00,49.94
2024-05-06,maximum,morning,consumption,4150.0,05:00,05:30,49.95
2024-05-06,minimum,night,generation,430.0,04:00,04:30,49.95
2024-05-06,minimum,night,consumption,4146.0,04:30,05:00,50.03
2024-05-06,minimum,day,generation,203.0,07:00,07:30,50.01
2024-05-06,minimum,day,consumption,3982.0,09:00,09:30,50.03
2024-05-07,maximum,day,generation,566.0,14:30,15:00,50.14
2024-05-07,maximum,day,consumption,4823.0,16:00,16:30,50.19
2024-05-07,maximum,evening,generation,1532.0,22:00,22:30,50.05
2024-05-07,maximum,evening,consumption,5728.0,22:30,23:00,50.05
2024-05-07,maximum,morning,generation,502.0,05:00,05:30,50.06
2024-05-07,maximum,morning,consumption,4051.0,05:00,05:30,50.06
2024-05-07,minimum,night,generation,347.0,18:00,18:30,50.08
2024-05-07,minimum,night,consumption,4051.0,05:00,05:30,50.06
2024-05-07,minimum,day,generation,106.0,07:00,07:30,50.01
2024-05-07,minimum,day,consumption,3874.0,09:00,09:30,49.98
2024-05-08,maximum,day,generation,916.0,15:30,16:00,50.06
2024-05-08,maximum,day,consumption,4942.0,15:30,16:00,50.06
2024-05-08,maximum,evening,generation,1239.0,21:30,22:00,50.09
2024-05-08,maximum,evening,consumption,5167.0,22:00,22:30,50.05
2024-05-08,maximum,morning,generation,587.0,05:00,05:30,50.01
2024-05-08,maximum,morning,consumption,4215.0,05:00,05:30,50.01
2024-05-08,minimum,night,generation,587.0,05:00,05:30,50.01
2024-05-08,minimum,night,consumption,4215.0,05:00,05:30,50.01
2024-05-08,minimum,day,generation,229.0,09:00,09:30,50.0
2024-05-08,minimum,day,consumption,3983.0,09:00,09:30,50.0
2024-05-09,maximum,day,generation,526.0,16:30,17:00,50.02
2024-05-09,maximum,day,consumption,4662.0,15:00,15:30,50.08
2024-05-09,maximum,evening,generation,1242.0,22:00,22:30,50.03
2024-05-09,maximum,evening,consumption,5209.0,22:30,23:00,50.0
2024-05-09,maximum,morning,generation,196.0,08:30,09:00,50.03
2024-05-09,maximum,morning,consumption,3681.0,05:00,05:30,50.0
2024-05-09,minimum,night,generation,176.0,05:00,05:30,50.0
2024-05-09,minimum,night,consumption,3681.0,05:00,05:30,50.0
2024-05-09,minimum,day,generation,167.0,05:30,06:00,50.05
2024-05-09,minimum,day,consumption,3691.0,09:00,09:30,49.99
2024-05-10,maximum,day,generation,561.0,15:00,15:30,50.04
2024-05-10,maximum,day,consumption,4363.0,15:00,15:30,50.04
2024-05-10,maximum,evening,generation,1169.0,21:30,22:00,50.18
2024-05-10,maximum,evening,consumption,4976.0,22:00,22:30,50.24
2024-05-10,maximum,morning,generation,349.0,07:00,07:30,50.02
2024-05-10,maximum,morning,consumption,3603.0,08:30,09:00,50.11
2024-05-10,minimum,night,generation,164.0,05:00,05:30,49.99
2024-05-10,minimum,night,consumption,3457.0,05:00,05:30,49.99
2024-05-10,minimum,day,generation,169.0,05:30,06:00,50.08
2024-05-10,minimum,day,consumption,3651.0,09:00,09:30,50.06
2024-05-11,maximum,day,generation,392.0,11:30,12:00,49.86
2024-05-11,maximum,day,consumption,4303.0,15:00,15:30,50.03
2024-05-11,maximum,evening,generation,1101.0,22:00,22:30,50.01
2024-05-11,maximum,evening,consumption,4585.0,22:30,23:00,50.02
2024-05-11,maximum,morning,generation,432.0,05:00,05:30,50.01
2024-05-11,maximum,morning,consumption,3761.0,05:30,06:00,50.05
2024-05-11,minimum,night,generation,145.0,17:30,18:00,50.12
2024-05-11,minimum,night,consumption,3644.0,18:00,18:30,50.05
2024-05-11,minimum,day,generation,137.0,07:30,08:00,50.1
2024-05-11,minimum,day,consumption,3583.0,09:00,09:30,50.03
2024-05-12,maximum,day,generation,241.0,09:30,10:00,50.01
2024-05-12,maximum,day,consumption,3529.0,15:00,15:30,50.06
2024-05-12,maximum,evening,generation,1145.0,22:00,22:30,49.89
2024-05-12,maximum,evening,consumption,4559.0,22:00,22:30,49.89
2024-05-12,maximum,morning,generation,244.0,07:30,08:00,50.08
2024-05-12,maximum,morning,consumption,3512.0,05:00,05:30,49.95
2024-05-12,minimum,night,generation,106.0,17:30,18:00,50.08
2024-05-12,minimum,night,consumption,3400.0,18:00,18:30,50.01
2024-05-12,minimum,day,generation,114.0,17:00,17:30,50.03
2024-05-12,minimum,day,consumption,3008.0,09:00,09:30,49.96
2024-05-13,maximum,day,generation,585.0,17:00,17:30,50.07
2024-05-13,maximum,day,consumption,3977.0,16:30,17:00,50.05
2024-05-13,maximum,evening,generation,1490.0,22:00,22:30,50.06
2024-05-13,maximum,evening,consumption,4623.0,22:30,23:00,50.03
2024-05-13,maximum,morning,generation,380.0,05:30,06:00,50.07
2024-05-13,maximum,morning,consumption,3487.0,05:30,06:00,50.07
2024-05-13,minimum,night,generation,304.0,03:30,04:00,50.05
2024-05-13,minimum,night,consumption,3442.0,04:30,05:00,50.01
2024-05-13,minimum,day,generation,159.0,07:00,07:30,50.0
2024-05-13,minimum,day,consumption,3553.0,09:00,09:30,49.97
2024-05-14,maximum,day,generation,705.0,16:30,17:00,50.1
2024-05-14,maximum,day,consumption,4051.0,16:30,17:00,50.1
2024-05-14,maximum,evening,generation,1204.0,21:30,22:00,50.03
2024-05-14,maximum,evening,consumption,4325.0,19:00,19:30,50.07
2024-05-14,maximum,morning,generation,224.0,05:00,05:30,50.04
2024-05-14,maximum,morning,consumption,3320.0,08:30,09:00,50.0
2024-05-14,minimum,night,generation,224.0,05:00,05:30,50.04
2024-05-14,minimum,night,consumption,3289.0,05:00,05:30,50.04
2024-05-14,minimum,day,generation,143.0,06:30,07:00,50.01
2024-05-14,minimum,day,consumption,3422.0,09:00,09:30,50.01
2024-05-15,maximum,day,generation,720.0,14:30,15:00,50.05
2024-05-15,maximum,day,consumption,4127.0,15:00,15:30,50.03
2024-05-15,maximum,evening,generation,1439.0,22:00,22:30,49.92
2024-05-15,maximum,evening,consumption,4211.0,22:00,22:30,49.92
2024-05-15,maximum,morning,generation,357.0,06:00,06:30,50.06
2024-05-15,maximum,morning,consumption,3371.0,06:00,06:30,50.06
2024-05-15,minimum,night,generation,228.0,03:00,03:30,50.03
2024-05-15,minimum,night,consumption,3269.0,05:00,05:30,50.04
2024-05-15,minimum,day,generation,211.0,08:00,08:30,49.99
2024-05-15,minimum,day,consumption,3320.0,09:00,09:30,49.99
2024-05-16,maximum,day,generation,814.0,17:30,18:00,49.99
2024-05-16,maximum,day,consumption,4095.0,14:30,15:00,50.0
2024-05-16,maximum,evening,generation,1453.0,19:30,20:00,50.14
2024-05-16,maximum,evening,consumption,4382.0,19:00,19:30,49.95
2024-05-16,maximum,morning,generation,305.0,06:30,07:00,50.05
2024-05-16,maximum,morning,consumption,3369.0,06:30,07:00,50.05
2024-05-16,minimum,night,generation,194.0,05:00,05:30,50.01
2024-05-16,minimum,night,consumption,3167.0,04:00,04:30,49.99
2024-05-16,minimum,day,generation,229.0,05:30,06:00,50.08
2024-05-16,minimum,day,consumption,3419.0,09:00,09:30,49.97
2024-05-17,maximum,day,generation,536.0,17:00,17:30,49.98
2024-05-17,maximum,day,consumption,4052.0,15:00,15:30,50.08
2024-05-17,maximum,evening,generation,1528.0,21:30,22:00,50.07
2024-05-17,maximum,evening,consumption,4335.0,19:30,20:00,49.98
2024-05-17,maximum,morning,generation,254.0,08:30,09:00,50.01
2024-05-17,maximum,morning,consumption,3427.0,08:30,09:00,50.01
2024-05-17,minimum,night,generation,218.0,05:00,05:30,50.04
2024-05-17,minimum,night,consumption,3238.0,04:30,05:00,50.01
2024-05-17,minimum,day,generation,175.0,07:00,07:30,49.94
2024-05-17,minimum,day,consumption,3483.0,09:00,09:30,50.03
2024-05-18,maximum,day,generation,501.0,12:30,13:00,50.08
2024-05-18,maximum,day,consumption,3941.0,14:30,15:00,49.98
2024-05-18,maximum,evening,generation,1501.0,21:30,22:00,50.06
2024-05-18,maximum,evening,consumption,4111.0,22:00,22:30,50.04
2024-05-18,maximum,morning,generation,291.0,06:00,06:30,50.07
2024-05-18,maximum,morning,consumption,3346.0,07:00,07:30,50.06
2024-05-18,minimum,night,generation,166.0,03:30,04:00,50.05
2024-05-18,minimum,night,consumption,3215.0,03:30,04:00,50.05
2024-05-18,minimum,day,generation,176.0,08:00,08:30,49.97
2024-05-18,minimum,day,consumption,3327.0,09:00,09:30,50.03
2024-05-19,maximum,day,generation,474.0,16:30,17:00,50.07
2024-05-19,maximum,day,consumption,3164.0,17:30,18:00,50.08
2024-05-19,maximum,evening,generation,1348.0,22:00,22:30,49.96
2024-05-19,maximum,evening,consumption,3880.0,22:00,22:30,49.96
2024-05-19,maximum,morning,generation,385.0,08:00,08:30,50.02
2024-05-19,maximum,morning,consumption,3094.0,06:00,06:30,49.99
2024-05-19,minimum,night,generation,168.0,03:30,04:00,50.02
2024-05-19,minimum,night,consumption,3041.0,04:30,05:00,50.01
2024-05-19,minimum,day,generation,130.0,07:00,07:30,50.04
2024-05-19,minimum,day,consumption,2844.0,09:00,09:30,50.02
2024-05-20,maximum,day,generation,552.0,17:30,18:00,50.06
2024-05-20,maximum,day,consumption,3473.0,12:00,12:30,49.97
2024-05-20,maximum,evening,generation,1370.0,21:30,22:00,50.12
2024-05-20,maximum,evening,consumption,3906.0,19:00,19:30,50.07
2024-05-20,maximum,morning,generation,285.0,06:00,06:30,50.04
2024-05-20,maximum,morning,consumption,3246.0,08:30,09:00,50.07
2024-05-20,minimum,night,generation,189.0,05:00,05:30,50.02
2024-05-20,minimum,night,consumption,2903.0,04:30,05:00,50.0
2024-05-20,minimum,day,generation,146.0,11:00,11:30,49.97
2024-05-20,minimum,day,consumption,3277.0,13:30,14:00,50.04
2024-05-21,maximum,day,generation,838.0,16:30,17:00,50.06
2024-05-21,maximum,day,consumption,3746.0,16:30,17:00,50.06
2024-05-21,maximum,evening,generation,1545.0,21:00,21:30,50.05
2024-05-21,maximum,evening,consumption,3924.0,18:30,19:00,50.02
2024-05-21,maximum,morning,generation,290.0,06:00,06:30,50.02
2024-05-21,maximum,morning,consumption,3103.0,08:00,08:30,50.06
2024-05-21,minimum,night,generation,206.0,05:00,05:30,50.03
2024-05-21,minimum,night,consumption,2781.0,04:00,04:30,49.99
2024-05-21,minimum,day,generation,127.0,08:00,08:30,50.06
2024-05-21,minimum,day,consumption,3120.0,09:00,09:30,50.02
2024-05-22,maximum,day,generation,1085.0,17:30,18:00,50.06
2024-05-22,maximum,day,consumption,3708.0,14:00,14:30,50.11
2024-05-22,maximum,evening,generation,1556.0,19:30,20:00,50.03
2024-05-22,maximum,evening,consumption,3738.0,19:00,19:30,50.03
2024-05-22,maximum,morning,generation,885.0,06:30,07:00,50.04
2024-05-22,maximum,morning,consumption,3193.0,07:00,07:30,50.05
2024-05-22,minimum,night,generation,517.0,04:00,04:30,49.99
2024-05-22,minimum,night,consumption,2844.0,0.95833333333333,1,49.99
2024-05-22,minimum,day,generation,626.0,08:00,08:30,49.94
2024-05-22,minimum,day,consumption,3207.0,09:00,09:30,49.97
2024-05-23,maximum,day,generation,1374.0,17:00,17:30,49.98
2024-05-23,maximum,day,consumption,3654.0,16:00,16:30,50.02
2024-05-23,maximum,evening,generation,1595.0,22:00,22:30,50.02
2024-05-23,maximum,evening,consumption,3955.0,19:00,19:30,50.05
2024-05-23,maximum,morning,generation,1168.0,07:30,08:00,50.06
2024-05-23,maximum,morning,consumption,3173.0,08:00,08:30,50.05
2024-05-23,minimum,night,generation,778.0,02:00,02:30,49.99
2024-05-23,minimum,night,consumption,2675.0,04:30,05:00,50.04
2024-05-23,minimum,day,generation,765.0,09:30,10:00,50.08
2024-05-23,minimum,day,consumption,3189.0,09:30,10:00,50.08
2024-05-24,maximum,day,generation,1320.0,17:30,18:00,50.12
2024-05-24,maximum,day,consumption,3519.0,17:30,18:00,50.12
2024-05-24,maximum,evening,generation,1605.0,21:00,21:30,50.03
2024-05-24,maximum,evening,consumption,3977.0,19:00,19:30,49.97
2024-05-24,maximum,morning,generation,1103.0,05:00,05:30,49.92
2024-05-24,maximum,morning,consumption,3157.0,08:30,09:00,50.02
2024-05-24,minimum,night,generation,1035.0,04:00,04:30,49.97
2024-05-24,minimum,night,consumption,2660.0,03:00,03:30,49.93
2024-05-24,minimum,day,generation,775.0,06:30,07:00,50.06
2024-05-24,minimum,day,consumption,3285.0,09:00,09:30,49.98
2024-05-25,maximum,day,generation,691.0,17:30,18:00,50.06
2024-05-25,maximum,day,consumption,3421.0,17:30,18:00,50.06
2024-05-25,maximum,evening,generation,1631.0,22:00,22:30,49.97
2024-05-25,maximum,evening,consumption,3881.0,19:00,19:30,50.02
2024-05-25,maximum,morning,generation,601.0,06:00,06:30,50.02
2024-05-25,maximum,morning,consumption,3042.0,08:30,09:00,50.03
2024-05-25,minimum,night,generation,480.0,04:30,05:00,50.0
2024-05-25,minimum,night,consumption,2602.0,03:30,04:00,50.07
2024-05-25,minimum,day,generation,190.0,16:30,17:00,50.07
2024-05-25,minimum,day,consumption,3019.0,16:30,17:00,50.07
2024-05-26,maximum,day,generation,305.0,17:30,18:00,50.07
2024-05-26,maximum,day,consumption,2933.0,17:30,18:00,50.07
2024-05-26,maximum,evening,generation,1555.0,21:30,22:00,50.07
2024-05-26,maximum,evening,consumption,3569.0,19:30,20:00,50.05
2024-05-26,maximum,morning,generation,586.0,05:30,06:00,50.07
2024-05-26,maximum,morning,consumption,2866.0,06:00,06:30,50.0
2024-05-26,minimum,night,generation,241.0,18:00,18:30,50.09
2024-05-26,minimum,night,consumption,2695.0,04:30,05:00,49.97
2024-05-26,minimum,day,generation,126.0,16:00,16:30,50.04
2024-05-26,minimum,day,consumption,2653.0,14:00,14:30,49.97
2024-05-27,maximum,day,generation,1321.0,17:30,18:00,50.13
2024-05-27,maximum,day,consumption,3599.0,16:00,16:30,50.02
2024-05-27,maximum,evening,generation,1618.0,21:00,21:30,49.9
2024-05-27,maximum,evening,consumption,4198.0,19:00,19:30,50.07
2024-05-27,maximum,morning,generation,898.0,06:30,07:00,49.93
2024-05-27,maximum,morning,consumption,3038.0,08:00,08:30,50.05
2024-05-27,minimum,night,generation,747.0,01:30,02:00,50.03
2024-05-27,minimum,night,consumption,2647.0,03:00,03:30,49.95
2024-05-27,minimum,day,generation,641.0,11:00,11:30,50.01
2024-05-27,minimum,day,consumption,3112.0,09:00,09:30,49.98
2024-05-28,maximum,day,generation,1274.0,14:00,14:30,50.01
2024-05-28,maximum,day,consumption,3448.0,17:00,17:30,50.07
2024-05-28,maximum,evening,generation,1523.0,21:30,22:00,50.08
2024-05-28,maximum,evening,consumption,4007.0,19:00,19:30,50.0
2024-05-28,maximum,morning,generation,1167.0,05:30,06:00,50.13
2024-05-28,maximum,morning,consumption,3236.0,08:00,08:30,50.05
2024-05-28,minimum,night,generation,752.0,03:30,04:00,50.02
2024-05-28,minimum,night,consumption,2815.0,03:30,04:00,50.02
2024-05-28,minimum,day,generation,613.0,08:00,08:30,50.05
2024-05-28,minimum,day,consumption,2926.0,12:30,13:00,50.04
2024-05-29,maximum,day,generation,1170.0,16:30,17:00,50.03
2024-05-29,maximum,day,consumption,3473.0,15:00,15:30,50.04
2024-05-29,maximum,evening,generation,1697.0,20:30,21:00,49.96
2024-05-29,maximum,evening,consumption,3905.0,19:00,19:30,50.0
2024-05-29,maximum,morning,generation,1254.0,05:00,05:30,49.98
2024-05-29,maximum,morning,consumption,3035.0,06:30,07:00,50.03
2024-05-29,minimum,night,generation,972.0,18:00,18:30,50.09
2024-05-29,minimum,night,consumption,2671.0,04:00,04:30,50.01
2024-05-29,minimum,day,generation,425.0,08:30,09:00,50.17
2024-05-29,minimum,day,consumption,3119.0,09:30,10:00,50.0
2024-05-30,maximum,day,generation,1434.0,16:30,17:00,50.1
2024-05-30,maximum,day,consumption,3542.0,17:30,18:00,50.02
2024-05-30,maximum,evening,generation,1662.0,21:00,21:30,50.07
2024-05-30,maximum,evening,consumption,3969.0,19:00,19:30,50.04
2024-05-30,maximum,morning,generation,998.0,05:30,06:00,50.1
2024-05-30,maximum,morning,consumption,3151.0,08:30,09:00,50.01
2024-05-30,minimum,night,generation,978.0,05:00,05:30,50.03
2024-05-30,minimum,night,consumption,2759.0,04:00,04:30,50.04
2024-05-30,minimum,day,generation,514.0,08:30,09:00,50.01
2024-05-30,minimum,day,consumption,3203.0,09:00,09:30,50.01
2024-05-31,maximum,day,generation,1611.0,17:30,18:00,50.06
2024-05-31,maximum,day,consumption,3850.0,17:00,17:30,49.96
2024-05-31,maximum,evening,generation,1707.0,21:30,22:00,50.04
2024-05-31,maximum,evening,consumption,4180.0,19:00,19:30,49.96
2024-05-31,maximum,morning,generation,1012.0,05:00,05:30,49.95
2024-05-31,maximum,morning,consumption,3165.0,08:30,09:00,50.05
2024-05-31,minimum,night,generation,1012.0,05:00,05:30,49.95
2024-05-31,minimum,night,consumption,2782.0,02:30,03:00,50.0
2024-05-31,minimum,day,generation,586.0,07:30,08:00,50.2
2024-05-31,minimum,day,consumption,3232.0,09:00,09:30,49.87
2024-06-01,maximum,day,generation,1391.0,17:00,17:30,50.0
2024-06-01,maximum,day,consumption,3593.0,17:00,17:30,50.0
2024-06-01,maximum,evening,generation,1697.0,20:00,20:30,49.89
2024-06-01,maximum,evening,consumption,4061.0,19:30,20:00,49.94
2024-06-01,maximum,morning,generation,1319.0,05:00,05:30,49.96
2024-06-01,maximum,morning,consumption,3204.0,08:00,08:30,50.07
2024-06-01,minimum,night,generation,1319.0,05:00,05:30,49.96
2024-06-01,minimum,night,consumption,2940.0,04:00,04:30,49.93
2024-06-01,minimum,day,generation,989.0,13:00,13:30,50.07
2024-06-01,minimum,day,consumption,3177.0,13:00,13:30,50.07
2024-06-02,maximum,day,generation,885.0,16:30,17:00,50.04
2024-06-02,maximum,day,consumption,3218.0,17:30,18:00,50.04
2024-06-02,maximum,evening,generation,1698.0,21:00,21:30,49.95
2024-06-02,maximum,evening,consumption,3789.0,22:00,22:30,49.97
2024-06-02,maximum,morning,generation,977.0,06:00,06:30,49.97
2024-06-02,maximum,morning,consumption,3112.0,06:30,07:00,49.97
2024-06-02,minimum,night,generation,717.0,17:30,18:00,50.04
2024-06-02,minimum,night,consumption,2949.0,04:30,05:00,50.01
2024-06-02,minimum,day,generation,231.0,11:00,11:30,49.95
2024-06-02,minimum,day,consumption,2829.0,10:00,10:30,50.03
2024-06-03,maximum,day,generation,1304.0,16:30,17:00,50.0
2024-06-03,maximum,day,consumption,3653.0,17:30,18:00,50.13
2024-06-03,maximum,evening,generation,1719.0,20:30,21:00,49.97
2024-06-03,maximum,evening,consumption,4211.0,19:30,20:00,50.06
2024-06-03,maximum,morning,generation,1235.0,06:00,06:30,50.0
2024-06-03,maximum,morning,consumption,3296.0,06:00,06:30,50.0
2024-06-03,minimum,night,generation,1048.0,18:00,18:30,50.08
2024-06-03,minimum,night,consumption,2879.0,04:00,04:30,49.97
2024-06-03,minimum,day,generation,520.0,09:00,09:30,50.04
2024-06-03,minimum,day,consumption,3130.0,09:00,09:30,50.04
2024-06-04,maximum,day,generation,1554.0,16:30,17:00,50.12
2024-06-04,maximum,day,consumption,3922.0,16:30,17:00,50.12
2024-06-04,maximum,evening,generation,1761.0,21:00,21:30,50.07
2024-06-04,maximum,evening,consumption,4369.0,19:30,20:00,50.03
2024-06-04,maximum,morning,generation,1378.0,06:30,07:00,50.03
2024-06-04,maximum,morning,consumption,3355.0,07:00,07:30,50.03
2024-06-04,minimum,night,generation,1196.0,04:00,04:30,50.02
2024-06-04,minimum,night,consumption,2988.0,04:00,04:30,50.02
2024-06-04,minimum,day,generation,1104.0,13:00,13:30,50.0
2024-06-04,minimum,day,consumption,3374.0,09:00,09:30,49.96
2024-06-05,maximum,day,generation,1367.0,17:00,17:30,50.08
2024-06-05,maximum,day,consumption,3810.0,17:00,17:30,50.08
2024-06-05,maximum,evening,generation,1751.0,19:30,20:00,50.09
2024-06-05,maximum,evening,consumption,4400.0,19:00,19:30,49.97
2024-06-05,maximum,morning,generation,1415.0,05:30,06:00,50.1
2024-06-05,maximum,morning,consumption,3405.0,06:00,06:30,50.04
2024-06-05,minimum,night,generation,1150.0,18:00,18:30,50.02
2024-06-05,minimum,night,consumption,3133.0,04:30,05:00,50.02
2024-06-05,minimum,day,generation,521.0,08:30,09:00,50.19
2024-06-05,minimum,day,consumption,3131.0,09:00,09:30,49.94
2024-06-06,maximum,day,generation,1232.0,16:30,17:00,50.07
2024-06-06,maximum,day,consumption,3876.0,17:00,17:30,50.02
2024-06-06,maximum,evening,generation,1715.0,19:30,20:00,50.01
2024-06-06,maximum,evening,consumption,4153.0,19:00,19:30,50.01
2024-06-06,maximum,morning,generation,1208.0,05:30,06:00,50.07
2024-06-06,maximum,morning,consumption,3497.0,06:30,07:00,49.98
2024-06-06,minimum,night,generation,908.0,03:30,04:00,50.04
2024-06-06,minimum,night,consumption,3199.0,04:00,04:30,50.01
2024-06-06,minimum,day,generation,472.0,09:00,09:30,50.14
2024-06-06,minimum,day,consumption,3348.0,09:00,09:30,50.14
2024-06-07,maximum,day,generation,1060.0,17:30,18:00,50.03
2024-06-07,maximum,day,consumption,3648.0,17:30,18:00,50.03
2024-06-07,maximum,evening,generation,1714.0,20:30,21:00,50.02
2024-06-07,maximum,evening,consumption,4148.0,19:00,19:30,50.07
2024-06-07,maximum,morning,generation,1005.0,06:30,07:00,50.02
2024-06-07,maximum,morning,consumption,3339.0,07:00,07:30,49.99
2024-06-07,minimum,night,generation,544.0,04:30,05:00,50.0
2024-06-07,minimum,night,consumption,2915.0,04:30,05:00,50.0
2024-06-07,minimum,day,generation,566.0,13:00,13:30,50.07
2024-06-07,minimum,day,consumption,3155.0,09:00,09:30,50.02
2024-06-08,maximum,day,generation,857.0,16:00,16:30,50.04
2024-06-08,maximum,day,consumption,3483.0,16:00,16:30,50.04
2024-06-08,maximum,evening,generation,1664.0,22:00,22:30,49.98
2024-06-08,maximum,evening,consumption,3866.0,19:00,19:30,49.93
2024-06-08,maximum,morning,generation,619.0,06:30,07:00,50.02
2024-06-08,maximum,morning,consumption,3148.0,08:00,08:30,50.06
2024-06-08,minimum,night,generation,541.0,04:30,05:00,50.01
2024-06-08,minimum,night,consumption,2948.0,04:00,04:30,50.08
2024-06-08,minimum,day,generation,376.0,08:30,09:00,50.02
2024-06-08,minimum,day,consumption,3177.0,09:00,09:30,49.99
2024-06-09,maximum,day,generation,503.0,17:00,17:30,49.99
2024-06-09,maximum,day,consumption,3036.0,17:30,18:00,49.91
2024-06-09,maximum,evening,generation,1451.0,22:00,22:30,49.94
2024-06-09,maximum,evening,consumption,3736.0,20:30,21:00,50.01
2024-06-09,maximum,morning,generation,422.0,05:30,06:00,50.07
2024-06-09,maximum,morning,consumption,2888.0,06:30,07:00,50.06
2024-06-09,minimum,night,generation,358.0,04:30,05:00,49.95
2024-06-09,minimum,night,consumption,2699.0,04:30,05:00,49.95
2024-06-09,minimum,day,generation,228.0,09:00,09:30,49.98
2024-06-09,minimum,day,consumption,2577.0,10:30,11:00,49.93
2024-06-10,maximum,day,generation,924.0,17:30,18:00,50.07
2024-06-10,maximum,day,consumption,3590.0,17:30,18:00,50.07
2024-06-10,maximum,evening,generation,1699.0,21:00,21:30,50.0
2024-06-10,maximum,evening,consumption,4054.0,19:30,20:00,50.13
2024-06-10,maximum,morning,generation,633.0,06:30,07:00,50.04
2024-06-10,maximum,morning,consumption,3100.0,07:00,07:30,50.06
2024-06-10,minimum,night,generation,337.0,03:30,04:00,49.95
2024-06-10,minimum,night,consumption,2668.0,04:00,04:30,49.97
2024-06-10,minimum,day,generation,366.0,08:30,09:00,50.15
2024-06-10,minimum,day,consumption,3042.0,09:00,09:30,50.03
2024-06-11,maximum,day,generation,1024.0,16:30,17:00,50.05
2024-06-11,maximum,day,consumption,3571.0,17:00,17:30,50.05
2024-06-11,maximum,evening,generation,1735.0,22:00,22:30,50.05
2024-06-11,maximum,evening,consumption,4208.0,19:30,20:00,50.05
2024-06-11,maximum,morning,generation,737.0,05:30,06:00,50.07
2024-06-11,maximum,morning,consumption,3157.0,07:00,07:30,50.09
2024-06-11,minimum,night,generation,727.0,05:00,05:30,50.03
2024-06-11,minimum,night,consumption,2835.0,04:00,04:30,49.95
2024-06-11,minimum,day,generation,398.0,15:00,15:30,50.05
2024-06-11,minimum,day,consumption,3004.0,15:00,15:30,50.05
2024-06-12,maximum,day,generation,1101.0,16:30,17:00,50.07
2024-06-12,maximum,day,consumption,3549.0,17:00,17:30,50.07
2024-06-12,maximum,evening,generation,1699.0,22:00,22:30,50.01
2024-06-12,maximum,evening,consumption,4097.0,19:30,20:00,49.97
2024-06-12,maximum,morning,generation,724.0,06:30,07:00,50.03
2024-06-12,maximum,morning,consumption,3274.0,07:00,07:30,49.99
2024-06-12,minimum,night,generation,543.0,05:00,05:30,49.99
2024-06-12,minimum,night,consumption,2907.0,03:30,04:00,50.05
2024-06-12,minimum,day,generation,507.0,09:30,10:00,50.09
2024-06-12,minimum,day,consumption,3123.0,13:30,14:00,49.96
2024-06-13,maximum,day,generation,1073.0,15:30,16:00,50.05
2024-06-13,maximum,day,consumption,3684.0,17:30,18:00,50.06
2024-06-13,maximum,evening,generation,1738.0,22:00,22:30,50.01
2024-06-13,maximum,evening,consumption,4212.0,19:30,20:00,50.02
2024-06-13,maximum,morning,generation,750.0,06:30,07:00,50.02
2024-06-13,maximum,morning,consumption,3265.0,06:30,07:00,50.02
2024-06-13,minimum,night,generation,499.0,05:00,05:30,49.99
2024-06-13,minimum,night,consumption,2865.0,03:30,04:00,50.06
2024-06-13,minimum,day,generation,434.0,08:30,09:00,50.08
2024-06-13,minimum,day,consumption,3152.0,09:30,10:00,50.09
2024-06-14,maximum,day,generation,1158.0,17:00,17:30,50.04
2024-06-14,maximum,day,consumption,3659.0,16:00,16:30,49.99
2024-06-14,maximum,evening,generation,1757.0,21:30,22:00,50.01
2024-06-14,maximum,evening,consumption,4272.0,20:00,20:30,50.07
2024-06-14,maximum,morning,generation,793.0,06:30,07:00,50.05
2024-06-14,maximum,morning,consumption,3324.0,06:30,07:00,50.05
2024-06-14,minimum,night,generation,639.0,05:00,05:30,50.02
2024-06-14,minimum,night,consumption,2951.0,03:30,04:00,50.03
2024-06-14,minimum,day,generation,462.0,09:00,09:30,50.12
2024-06-14,minimum,day,consumption,3146.0,09:00,09:30,50.12
2024-06-15,maximum,day,generation,1260.0,17:00,17:30,50.0
2024-06-15,maximum,day,consumption,3704.0,16:30,17:00,49.96
2024-06-15,maximum,evening,generation,1759.0,21:00,21:30,49.96
2024-06-15,maximum,evening,consumption,4262.0,19:30,20:00,49.99
2024-06-15,maximum,morning,generation,910.0,06:00,06:30,49.96
2024-06-15,maximum,morning,consumption,3281.0,07:00,07:30,50.0
2024-06-15,minimum,night,generation,784.0,05:00,05:30,49.94
2024-06-15,minimum,night,consumption,3017.0,05:00,05:30,49.94
2024-06-15,minimum,day,generation,435.0,08:30,09:00,50.09
2024-06-15,minimum,day,consumption,3223.0,09:00,09:30,50.04
2024-06-16,maximum,day,generation,940.0,17:30,18:00,50.02
2024-06-16,maximum,day,consumption,3239.0,17:30,18:00,50.02
2024-06-16,maximum,evening,generation,1785.0,22:00,22:30,49.88
2024-06-16,maximum,evening,consumption,4105.0,22:00,22:30,49.88
2024-06-16,maximum,morning,generation,1495.0,05:30,06:00,50.0
2024-06-16,maximum,morning,consumption,3162.0,05:30,06:00,50.0
2024-06-16,minimum,night,generation,940.0,17:30,18:00,50.02
2024-06-16,minimum,night,consumption,3148.0,05:00,05:30,50.0
2024-06-16,minimum,day,generation,358.0,11:00,11:30,49.98
2024-06-16,minimum,day,consumption,2776.0,09:30,10:00,49.99
2024-06-17,maximum,day,generation,1264.0,16:00,16:30,50.06
2024-06-17,maximum,day,consumption,3427.0,16:00,16:30,50.06
2024-06-17,maximum,evening,generation,1795.0,21:30,22:00,50.0
2024-06-17,maximum,evening,consumption,4285.0,22:00,22:30,49.87
2024-06-17,maximum,morning,generation,1215.0,06:00,06:30,50.03
2024-06-17,maximum,morning,consumption,3316.0,06:30,07:00,50.01
2024-06-17,minimum,night,generation,984.0,18:00,18:30,50.03
2024-06-17,minimum,night,consumption,3088.0,03:30,04:00,50.02
2024-06-17,minimum,day,generation,474.0,11:30,12:00,50.0
2024-06-17,minimum,day,consumption,2985.0,10:30,11:00,50.04
2024-06-18,maximum,day,generation,1384.0,16:30,17:00,50.0
2024-06-18,maximum,day,consumption,3739.0,16:30,17:00,50.0
2024-06-18,maximum,evening,generation,1672.0,21:00,21:30,50.02
2024-06-18,maximum,evening,consumption,4160.0,19:00,19:30,49.96
2024-06-18,maximum,morning,generation,1143.0,07:00,07:30,50.02
2024-06-18,maximum,morning,consumption,3338.0,07:00,07:30,50.02
2024-06-18,minimum,night,generation,1122.0,05:00,05:30,50.02
2024-06-18,minimum,night,consumption,3140.0,04:00,04:30,49.98
2024-06-18,minimum,day,generation,541.0,13:00,13:30,50.03
2024-06-18,minimum,day,consumption,3260.0,13:00,13:30,50.03
2024-06-19,maximum,day,generation,1001.0,16:30,17:00,50.09
2024-06-19,maximum,day,consumption,3639.0,16:30,17:00,50.09
2024-06-19,maximum,evening,generation,1606.0,19:00,19:30,50.04
2024-06-19,maximum,evening,consumption,4120.0,19:30,20:00,50.09
2024-06-19,maximum,morning,generation,1059.0,06:00,06:30,50.06
2024-06-19,maximum,morning,consumption,3344.0,07:00,07:30,49.94
2024-06-19,minimum,night,generation,790.0,05:00,05:30,50.04
2024-06-19,minimum,night,consumption,3016.0,03:30,04:00,50.04
2024-06-19,minimum,day,generation,436.0,13:00,13:30,50.01
2024-06-19,minimum,day,consumption,3256.0,10:00,10:30,50.05
2024-06-20,maximum,day,generation,1003.0,17:00,17:30,49.95
2024-06-20,maximum,day,consumption,3555.0,17:30,18:00,50.07
2024-06-20,maximum,evening,generation,1597.0,22:00,22:30,50.03
2024-06-20,maximum,evening,consumption,3987.0,19:00,19:30,49.92
2024-06-20,maximum,morning,generation,800.0,07:00,07:30,50.1
2024-06-20,maximum,morning,consumption,3317.0,07:00,07:30,50.1
2024-06-20,minimum,night,generation,572.0,05:00,05:30,50.03
2024-06-20,minimum,night,consumption,2941.0,03:30,04:00,50.08
2024-06-20,minimum,day,generation,444.0,08:00,08:30,50.08
2024-06-20,minimum,day,consumption,3124.0,13:30,14:00,50.04
2024-06-21,maximum,day,generation,1011.0,17:30,18:00,50.01
2024-06-21,maximum,day,consumption,3408.0,17:00,17:30,50.04
2024-06-21,maximum,evening,generation,1671.0,19:30,20:00,50.02
2024-06-21,maximum,evening,consumption,3977.0,19:00,19:30,49.97
2024-06-21,maximum,morning,generation,786.0,06:00,06:30,49.89
2024-06-21,maximum,morning,consumption,3243.0,07:00,07:30,49.96
2024-06-21,minimum,night,generation,602.0,05:00,05:30,49.95
2024-06-21,minimum,night,consumption,2851.0,04:00,04:30,50.03
2024-06-21,minimum,day,generation,431.0,09:00,09:30,49.97
2024-06-21,minimum,day,consumption,3067.0,13:30,14:00,49.94
2024-06-22,maximum,day,generation,1027.0,16:30,17:00,50.0
2024-06-22,maximum,day,consumption,3340.0,17:30,18:00,50.02
2024-06-22,maximum,evening,generation,1676.0,21:30,22:00,49.98
2024-06-22,maximum,evening,consumption,3872.0,19:00,19:30,49.91
2024-06-22,maximum,morning,generation,791.0,06:30,07:00,50.0
2024-06-22,maximum,morning,consumption,3091.0,07:00,07:30,49.97
2024-06-22,minimum,night,generation,659.0,03:30,04:00,50.04
2024-06-22,minimum,night,consumption,2701.0,04:00,04:30,49.96
2024-06-22,minimum,day,generation,440.0,10:30,11:00,50.02
2024-06-22,minimum,day,consumption,2933.0,09:00,09:30,50.03
2024-06-23,maximum,day,generation,628.0,17:30,18:00,50.03
2024-06-23,maximum,day,consumption,2868.0,17:30,18:00,50.03
2024-06-23,maximum,evening,generation,1475.0,22:00,22:30,49.92
2024-06-23,maximum,evening,consumption,3547.0,19:30,20:00,49.96
2024-06-23,maximum,morning,generation,755.0,05:30,06:00,50.07
2024-06-23,maximum,morning,consumption,2854.0,07:00,07:30,50.09
2024-06-23,minimum,night,generation,628.0,17:30,18:00,50.03
2024-06-23,minimum,night,consumption,2621.0,03:30,04:00,50.01
2024-06-23,minimum,day,generation,256.0,09:00,09:30,49.95
2024-06-23,minimum,day,consumption,2604.0,09:00,09:30,49.95
2024-06-24,maximum,day,generation,755.0,17:30,18:00,50.0
2024-06-24,maximum,day,consumption,3145.0,10:30,11:00,50.04
2024-06-24,maximum,evening,generation,1668.0,22:00,22:30,50.01
2024-06-24,maximum,evening,consumption,3608.0,20:00,20:30,50.01
2024-06-24,maximum,morning,generation,898.0,07:00,07:30,50.05
2024-06-24,maximum,morning,consumption,3105.0,07:00,07:30,50.05
2024-06-24,minimum,night,generation,669.0,04:30,05:00,50.04
2024-06-24,minimum,night,consumption,2559.0,03:30,04:00,50.04
2024-06-24,minimum,day,generation,323.0,13:30,14:00,50.03
2024-06-24,minimum,day,consumption,2858.0,13:30,14:00,50.03
2024-06-25,maximum,day,generation,1124.0,17:30,18:00,50.09
2024-06-25,maximum,day,consumption,3270.0,17:00,17:30,50.05
2024-06-25,maximum,evening,generation,1435.0,22:00,22:30,49.96
2024-06-25,maximum,evening,consumption,3488.0,19:30,20:00,50.04
2024-06-25,maximum,morning,generation,873.0,06:30,07:00,50.01
2024-06-25,maximum,morning,consumption,3048.0,08:00,08:30,49.98
2024-06-25,minimum,night,generation,634.0,05:00,05:30,49.94
2024-06-25,minimum,night,consumption,2499.0,03:30,04:00,50.06
2024-06-25,minimum,day,generation,613.0,12:00,12:30,49.97
2024-06-25,minimum,day,consumption,2964.0,11:30,12:00,50.02
2024-06-26,maximum,day,generation,1084.0,17:30,18:00,50.07
2024-06-26,maximum,day,consumption,3252.0,17:00,17:30,49.99
2024-06-26,maximum,evening,generation,1610.0,20:00,20:30,50.04
2024-06-26,maximum,evening,consumption,3629.0,19:30,20:00,50.03
2024-06-26,maximum,morning,generation,812.0,07:00,07:30,49.93
2024-06-26,maximum,morning,consumption,2959.0,08:00,08:30,49.99
2024-06-26,minimum,night,generation,668.0,03:30,04:00,50.02
2024-06-26,minimum,night,consumption,2396.0,03:30,04:00,50.02
2024-06-26,minimum,day,generation,537.0,14:00,14:30,50.06
2024-06-26,minimum,day,consumption,2944.0,10:30,11:00,50.07
2024-06-27,maximum,day,generation,1253.0,17:30,18:00,50.08
2024-06-27,maximum,day,consumption,3323.0,16:30,17:00,50.02
2024-06-27,maximum,evening,generation,1645.0,21:00,21:30,50.0
2024-06-27,maximum,evening,consumption,3762.0,19:00,19:30,49.92
2024-06-27,maximum,morning,generation,791.0,06:30,07:00,50.06
2024-06-27,maximum,morning,consumption,3016.0,08:30,09:00,50.02
2024-06-27,minimum,night,generation,562.0,05:00,05:30,50.02
2024-06-27,minimum,night,consumption,2428.0,02:30,03:00,50.0
2024-06-27,minimum,day,generation,580.0,05:30,06:00,50.06
2024-06-27,minimum,day,consumption,2974.0,13:00,13:30,50.1
2024-06-28,maximum,day,generation,1343.0,17:30,18:00,50.09
2024-06-28,maximum,day,consumption,3411.0,16:30,17:00,50.07
2024-06-28,maximum,evening,generation,1637.0,21:00,21:30,50.0
2024-06-28,maximum,evening,consumption,3980.0,19:00,19:30,50.0
2024-06-28,maximum,morning,generation,934.0,07:00,07:30,50.07
2024-06-28,maximum,morning,consumption,3151.0,07:00,07:30,50.07
2024-06-28,minimum,night,generation,714.0,03:30,04:00,50.08
2024-06-28,minimum,night,consumption,2486.0,03:30,04:00,50.08
2024-06-28,minimum,day,generation,811.0,09:00,09:30,50.0
2024-06-28,minimum,day,consumption,2897.0,13:00,13:30,50.04
2024-06-29,maximum,day,generation,1238.0,17:30,18:00,50.09
2024-06-29,maximum,day,consumption,3407.0,16:30,17:00,50.05
2024-06-29,maximum,evening,generation,1651.0,19:30,20:00,50.03
2024-06-29,maximum,evening,consumption,3923.0,19:30,20:00,50.03
2024-06-29,maximum,morning,generation,909.0,06:30,07:00,49.98
2024-06-29,maximum,morning,consumption,3028.0,08:00,08:30,50.05
2024-06-29,minimum,night,generation,765.0,05:00,05:30,50.01
2024-06-29,minimum,night,consumption,2687.0,03:30,04:00,50.05
2024-06-29,minimum,day,generation,321.0,14:00,14:30,50.04
2024-06-29,minimum,day,consumption,2630.0,14:00,14:30,50.04
2024-06-30,maximum,day,generation,856.0,17:30,18:00,50.03
2024-06-30,maximum,day,consumption,2995.0,17:30,18:00,50.03
2024-06-30,maximum,evening,generation,1548.0,22:00,22:30,50.02
2024-06-30,maximum,evening,consumption,3661.0,20:00,20:30,49.99
2024-06-30,maximum,morning,generation,1214.0,05:00,05:30,49.98
2024-06-30,maximum,morning,consumption,2865.0,07:00,07:30,49.99
2024-06-30,minimum,night,generation,856.0,17:30,18:00,50.03
2024-06-30,minimum,night,consumption,2726.0,03:30,04:00,50.07
2024-06-30,minimum,day,generation,370.0,12:00,12:30,50.0
2024-06-30,minimum,day,consumption,2598.0,11:30,12:00,50.01
2024-07-01,maximum,day,generation,1291.0,17:30,18:00,50.07
2024-07-01,maximum,day,consumption,3441.0,17:30,18:00,50.07
2024-07-01,maximum,evening,generation,1625.0,21:00,21:30,50.04
2024-07-01,maximum,evening,consumption,3736.0,19:00,19:30,49.97
2024-07-01,maximum,morning,generation,1387.0,06:00,06:30,49.96
2024-07-01,maximum,morning,consumption,3169.0,07:00,07:30,50.04
2024-07-01,minimum,night,generation,1199.0,05:00,05:30,49.98
2024-07-01,minimum,night,consumption,2635.0,03:30,04:00,50.03
2024-07-01,minimum,day,generation,714.0,15:30,16:00,50.19
2024-07-01,minimum,day,consumption,3027.0,13:00,13:30,50.07
2024-07-02,maximum,day,generation,1296.0,17:30,18:00,50.09
2024-07-02,maximum,day,consumption,3615.0,17:30,18:00,50.09
2024-07-02,maximum,evening,generation,1654.0,19:30,20:00,49.87
2024-07-02,maximum,evening,consumption,4058.0,19:30,20:00,49.87
2024-07-02,maximum,morning,generation,1392.0,06:30,07:00,50.0
2024-07-02,maximum,morning,consumption,3112.0,06:30,07:00,50.0
2024-07-02,minimum,night,generation,1234.0,05:00,05:30,49.96
2024-07-02,minimum,night,consumption,2575.0,03:00,03:30,50.03
2024-07-02,minimum,day,generation,698.0,12:00,12:30,50.04
2024-07-02,minimum,day,consumption,2932.0,09:30,10:00,49.93
2024-07-03,maximum,day,generation,1111.0,15:30,16:00,50.02
2024-07-03,maximum,day,consumption,3499.0,16:30,17:00,50.0
2024-07-03,maximum,evening,generation,1649.0,19:30,20:00,50.07
2024-07-03,maximum,evening,consumption,4048.0,19:30,20:00,50.07
2024-07-03,maximum,morning,generation,1405.0,06:30,07:00,50.08
2024-07-03,maximum,morning,consumption,3158.0,07:00,07:30,49.92
2024-07-03,minimum,night,generation,1053.0,17:30,18:00,50.04
2024-07-03,minimum,night,consumption,2762.0,04:00,04:30,50.0
2024-07-03,minimum,day,generation,754.0,13:30,14:00,50.09
2024-07-03,minimum,day,consumption,3045.0,09:00,09:30,49.99
2024-07-04,maximum,day,generation,1497.0,17:00,17:30,49.96
2024-07-04,maximum,day,consumption,3615.0,17:00,17:30,49.96
2024-07-04,maximum,evening,generation,1638.0,22:00,22:30,49.91
2024-07-04,maximum,evening,consumption,4183.0,20:00,20:30,50.05
2024-07-04,maximum,morning,generation,1117.0,05:30,06:00,50.02
2024-07-04,maximum,morning,consumption,3178.0,06:30,07:00,50.04
2024-07-04,minimum,night,generation,916.0,18:00,18:30,49.99
2024-07-04,minimum,night,consumption,2770.0,03:30,04:00,50.04
2024-07-04,minimum,day,generation,627.0,11:30,12:00,50.06
2024-07-04,minimum,day,consumption,3006.0,10:00,10:30,50.0
2024-07-05,maximum,day,generation,1209.0,08:30,09:00,50.05
2024-07-05,maximum,day,consumption,3447.0,17:30,18:00,50.04
2024-07-05,maximum,evening,generation,1575.0,22:00,22:30,49.97
2024-07-05,maximum,evening,consumption,3872.0,19:00,19:30,50.01
2024-07-05,maximum,morning,generation,1468.0,06:00,06:30,49.94
2024-07-05,maximum,morning,consumption,3322.0,07:00,07:30,50.02
2024-07-05,minimum,night,generation,1132.0,17:30,18:00,50.04
2024-07-05,minimum,night,consumption,2956.0,03:30,04:00,50.02
2024-07-05,minimum,day,generation,729.0,13:30,14:00,49.95
2024-07-05,minimum,day,consumption,3081.0,13:00,13:30,50.02
2024-07-06,maximum,day,generation,880.0,17:30,18:00,50.04
2024-07-06,maximum,day,consumption,3332.0,17:30,18:00,50.04
2024-07-06,maximum,evening,generation,1645.0,21:00,21:30,50.0
2024-07-06,maximum,evening,consumption,3762.0,19:30,20:00,50.05
2024-07-06,maximum,morning,generation,1138.0,06:00,06:30,50.03
2024-07-06,maximum,morning,consumption,3001.0,07:00,07:30,49.96
2024-07-06,minimum,night,generation,880.0,17:30,18:00,50.04
2024-07-06,minimum,night,consumption,2657.0,04:00,04:30,50.0
2024-07-06,minimum,day,generation,506.0,13:00,13:30,50.19
2024-07-06,minimum,day,consumption,2900.0,09:00,09:30,50.07
2024-07-07,maximum,day,generation,698.0,09:30,10:00,50.04
2024-07-07,maximum,day,consumption,2889.0,17:30,18:00,50.03
2024-07-07,maximum,evening,generation,1622.0,22:00,22:30,49.93
2024-07-07,maximum,evening,consumption,3618.0,19:30,20:00,50.03
2024-07-07,maximum,morning,generation,1041.0,05:30,06:00,50.01
2024-07-07,maximum,morning,consumption,2779.0,07:00,07:30,50.0
2024-07-07,minimum,night,generation,638.0,17:30,18:00,50.03
2024-07-07,minimum,night,consumption,2678.0,03:30,04:00,50.07
2024-07-07,minimum,day,generation,343.0,14:00,14:30,50.03
2024-07-07,minimum,day,consumption,2425.0,11:00,11:30,49.9
2024-07-08,maximum,day,generation,1421.0,17:00,17:30,50.04
2024-07-08,maximum,day,consumption,3372.0,17:30,18:00,50.01
2024-07-08,maximum,evening,generation,1646.0,21:00,21:30,49.97
2024-07-08,maximum,evening,consumption,3795.0,19:00,19:30,49.95
2024-07-08,maximum,morning,generation,1081.0,07:00,07:30,50.01
2024-07-08,maximum,morning,consumption,3082.0,07:00,07:30,50.01
2024-07-08,minimum,night,generation,973.0,05:00,05:30,50.04
2024-07-08,minimum,night,consumption,2488.0,04:00,04:30,50.03
2024-07-08,minimum,day,generation,616.0,13:30,14:00,49.97
2024-07-08,minimum,day,consumption,2886.0,09:30,10:00,49.99
2024-07-09,maximum,day,generation,1383.0,17:30,18:00,50.06
2024-07-09,maximum,day,consumption,3402.0,17:30,18:00,50.06
2024-07-09,maximum,evening,generation,1641.0,19:00,19:30,49.84
2024-07-09,maximum,evening,consumption,3890.0,19:00,19:30,49.84
2024-07-09,maximum,morning,generation,1158.0,06:00,06:30,49.95
2024-07-09,maximum,morning,consumption,3091.0,07:00,07:30,50.02
2024-07-09,minimum,night,generation,937.0,05:00,05:30,50.02
2024-07-09,minimum,night,consumption,2561.0,03:30,04:00,50.05
2024-07-09,minimum,day,generation,546.0,10:30,11:00,50.06