claim_id,domain,claim_short,evidence_class,independence,status,conference_use,main_caveat
H01,historical,"FY2020-21 to FY2024-25 broad consumption rises 22540.32 to 29311.76 MU",S1,high,GREEN,yes,"official accounting boundary must be named"
H02,historical,"SLDC matched-date daily consumption increases about 24.1% FY20-21 to FY25-26",S1+S2,medium,GREEN,yes,"descriptive matched-date statistic; not causal growth model"
H03,historical,"FY2024-25 has 354 qualified observed SLDC dates and 11 missing dates",S1+S2,high,GREEN,yes,"missing dates remain missing in observed analyses"
H04,historical,"internal generation plus net imports closes to consumption",S2,low,GREEN_LIMITED,yes,"accounting invariant; not independent validation"
D01,demand,"released FY2024-25 8760 load is a reconstruction not telemetry",S1+S3,n/a,GREEN,yes,"354 daily totals observed; 11 days model-only"
D02,demand,"ERA5 shape has 124.9 MW MAE /155.2 RMSE on 430 Jan-Mar held-out extrema",S5,medium,GREEN_QUALIFIED,yes,"intraday-shape holdout conditional on known daily energy; not forecast"
D03,demand,"ERA5 improves held-out RMSE about 4.2% over sparse static shape",S5,medium,GREEN_QUALIFIED,yes,"weather adds modest shape information; coefficients not causal"
D04,demand,"5923.3 MW reconstructed annual peak is close to CEA 5904 MW",S2,low,AMBER,yes,"aggregate consistency/calibration check; not independent hourly validation"
D05,demand,"weather coefficients are causal demand elasticities",none,none,RED,no,"associational daily-normalized proxy coefficients"
D06,demand,"v2 weather-sensitive fit is fully reproducible from fresh clone",R0/R1,none,RED,no,"released payload is integrity-verifiable but original fitter/raw ERA5 not committed"
G01,generation,"installed-capacity census reconciles source category boundaries",S1+S2,medium,GREEN,yes,"keep >=1 MW and sub-1 MW solar boundaries separate"
R01,renewables,"five-site ERA5 PV profile is a screening chronology",S2+S3,partial,AMBER,yes,"not capacity-weighted statewide fleet generation"
R02,renewables,"five-site NIWE-anchored wind profile is a screening chronology",S2+S3,partial,AMBER,yes,"mean is anchored to NIWE and generic turbine curve used"
R03,renewables,"NIWE independently validates modeled annual mean wind speed",circular,none,RED,no,"NIWE is calibration anchor"
R04,renewables,"GSA comparison is an independent measured PV validation",model-model,partial,RED,no,"GSA is another modeled climatology; useful only as plausibility check"
R05,renewables,"v0.7 renewable envelopes are legal/buildable Kerala potential",none,none,RED,no,"published research-potential scenarios; statutory/site gates incomplete"
A01,adequacy,"spill and shortage coexist in some chronological proxy scenarios",S3,model-internal,GREEN_SCREENING,yes,"demonstrates timing mismatch in model; not measured physical spill"
A02,adequacy,"CEA current Kerala TTC/ATC snapshot is 4575/4455 MW",S1,high,GREEN,yes,"dated current planning snapshot not future guarantee"
A03,adequacy,"3564 and 2673 MW transfer cases are observed conditions",none,none,RED,no,"80%/60% authored stress sensitivities"
A04,adequacy,"reference-demand shortage worsens strongly as transfer ceiling falls",S3,model-internal,GREEN_SCREENING,yes,"deterministic proxy; no outage probabilities"
A05,adequacy,"shortage-hour fraction is LOLP",none,none,RED,no,"LOLP requires probabilistic reliability model"
E01,economics,"v1.0 import price cases have distinct source/accounting boundaries",S1,medium,GREEN,yes,"not three observations of one Kerala-border price"
E02,economics,"v1.0 is total-system least-cost optimization",none,none,RED,no,"existing fleet economics and many system costs omitted"
E03,economics,"lexicographic adequacy-first avoids invented VOLL",method,n/a,GREEN,yes,"not welfare-optimal market dispatch"
E04,economics,"CEA solar 41000 INR/kW wind 60000 INR/kW and 4h BESS 47200-82200 INR/kW are correctly converted",S1,high,GREEN,yes,"CEA national planning assumptions at 2021-22 cost level; not Kerala EPC quotes"
E05,economics,"CERC 70:30 debt/equity 10.71% loan 14% non-SHP post-tax RoE and 9.08% WACC-equivalent discount are correctly sourced",S1,high,GREEN,yes,"national regulatory benchmark; not project-specific Kerala WACC"
HY01,hydro,"same-day hydro timing cuts reference/full-transfer modeled unserved energy from about 375.03 to 11.75 GWh",S3,model-internal,GREEN_SCREENING,yes,"upper-bound intraday flexibility sensitivity; not operator dispatch prescription"
HY02,hydro,"longer hydro timing windows help timing-limited cases but not deep transfer deficits",S3,model-internal,GREEN_SCREENING,yes,"synthetic windows are not reservoir storage durations"
HY03,hydro,"v1.3 historical terminal storage closure validates hydrology",circular S2,none,RED,no,"closure follows algebraically from reconstructed forcing"
HY04,hydro,"v1.3 is a stateful reservoir pilot under reconstructed net-water-balance forcing",S2+S3,n/a,GREEN_QUALIFIED,yes,"forcing absorbs spill/release/evaporation/diversion/error and is not catchment inflow"
HY05,hydro,"Idukki full reservoir storage 1460 MCM is source-reported in retained SLDC rows",S1,high,GREEN,yes,"source field is reporting boundary, not independent stage-volume survey"
HY06,hydro,"Idukki 1470 MWh/MCM station equivalent is reproducible from all 354 source rows",S1+S2,medium,GREEN_QUALIFIED,yes,"source-derived station capability ratio; not first-principles head/efficiency"
HY07,hydro,"Idukki 780 MW = six 130 MW units",S1,high,GREEN,yes,"KSEBL project/rule-level evidence"
HY08,hydro,"Phase 4 ridge 37.24% MAE improvement is a one-day-ahead inflow forecast result",none,none,RED,no,"uses same-day rainfall; retrospective diagnostic"
HY09,hydro,"Phase 4 ridge improves MAE 37.24% vs persistence on held-out complete-case period",S5,medium,GREEN_QUALIFIED,yes,"complete-case selection and gauge/catchment mismatch remain"
HY10,hydro,"Phase 5 649.3 km2 catchment has been validated",none,none,RED,no,"candidate geometries rejected; gate remains closed"
N01,network,"public 110kV+ topology is source-backed at structural level",S1+S3,medium,GREEN,yes,"not calibrated electrical network"
N02,network,"21 source-rating-backed lines overload in every one of 8 boundary-allocation cases",S3,model-internal,GREEN_SCREENING,yes,"robust only to tested boundary-injection uncertainty"
N03,network,"21 lines are proven current operator congestion",none,none,RED,no,"bus loads dispatch reactances ratings topology vintage reactive power/N-1 are incomplete"
N04,network,"Shornur/Shoranur is a current geographic transmission hotspot",S3+S6,high,GREEN,yes,"CEA independently identifies station as constrained; exact Kerala2040 loading not validated"
N05,network,"current Shornur station capacity is 100 MVA",stale source,contradicted,RED,no,"2026 CEA reports 200+100 MVA existing transformation"
N06,network,"Kerala2040 Shornur 100 MVA overload ratio is current whole-station loading",none,none,RED,no,"historical 2023 PSS model element only"
N07,network,"network screen demonstrates voltage/frequency/transient/N-1 stability",none,none,RED,no,"linear congestion/deliverability screen only"
X01,solver,"PyPSA-SciPy/OSeMOSYS agreement reduces framework implementation risk",S4,medium,GREEN,yes,"shared data/assumptions; not physical validation"
X02,solver,"cross-solver agreement validates Kerala physical reality",none,none,RED,no,"mathematical equivalence only"
GIS01,ecology,"current GIS establishes statutory buildable renewable MW",none,none,RED,no,"forest/wetland/ESZ/coastal/hazard/setback/legal stack incomplete"
GIS02,ecology,"GIS audit identifies valid layers and blocks unresolved geometry/source gates",S1+S3,medium,GREEN,yes,"feasibility workflow result not investment siting"
F01,flexibility,"WP6 authored examples can shift load while preserving specified service",S2+S3,synthetic,GREEN_DEMO,yes,"mechanism demonstration only"
F02,flexibility,"WP6 provides statewide achievable peak reduction",none,none,RED,no,"no measured statewide profiles/adoption constraints"
T01,total_energy,"Total Energy Atlas adds dated historical fuel/final-energy context",S1,medium,GREEN_QUALIFIED,yes,"different years/units cannot be merged as one current balance"
C01,industry,"KMML qualitative process topology and historical recovery leads are source-supported",S1,medium,GREEN,yes,"not current quantified plant balance"
C02,industry,"KMML current mass-energy-water savings are quantified",none,none,RED,no,"required plant measurements absent"
K01,context,"CIAL reports 50 MW RE daytime grid export and BESS project underway",S1,high,GREEN,yes,"case study not statewide causal evidence"
K02,context,"Kochi Metro 5.389 MWp is documented project-stage solar configuration",S1,high,GREEN_QUALIFIED,yes,"later deployment expanded; not asserted as complete current 2026 total"
K03,context,"Kochi Water Metro has 17 MWp solar installed",none,contradicted,RED,no,"annual report presents 17 MWp as envisaged/can-power requirement"
K04,context,"Kochi Water Metro annual report envisages 17 MWp PV capable of meeting its energy needs",S1,high,GREEN,yes,"planning/design statement not installed capacity"
B01,budget,"Kerala 2025-26 power-sector outlay is 1156.76 crore INR",S1,high,GREEN,yes,"budget allocation not realized expenditure"
B02,budget,"Manjappara 180 crore and Mudirapuzha 573 crore are completed project costs",none,none,RED,no,"planning/early estimates"
B03,budget,"Manjappara 180 crore and Mudirapuzha 573 crore are planning-stage estimates",S1,high,GREEN,yes,"not final EPC costs"
B04,budget,"Kerala universally builds power infrastructure cheaply and at high quality",none,none,RED,no,"unsupported generalization"
Q01,synthesis,"system stress is plausibly an interaction among timing weather hydro transfer and internal deliverability",synthesis,mixed,AMBER_DEFENSIBLE,yes,"structural hypothesis; causal shares not identified"
Q02,event,"Kerala2040 proves exact cause of a specific 2026 load-shedding event",none,none,RED,no,"event-level synchronized operational data absent"
Q03,solutions,"hydro scheduling DR storage grid reinforcement and renewables are an optimized solution portfolio",none,none,RED,no,"candidate response mechanisms only"
Q04,solutions,"those response classes merit deeper modeling based on current screening",synthesis,bounded,GREEN_QUALIFIED,yes,"relative effectiveness/cost/ecology not validated"
