date,status,classification,hydro_mu,internal_generation_mu,net_import_mu,consumption_mu,balance_residual_mu,source_sha256
2024-04-01,observed,official_observed_reference,19.479,21.4919,83.3343,104.8262,0,639f65d845161859ef54c427426c2bac2ccff6c3b7b53c2c09b31973bc2b805e
2024-04-02,observed,official_observed_reference,21.4725,23.4379,83.4503,106.8882,0,f30fab34482757e7387789fcb6b3f15478d06dff9df4e355ab0f1fd1f0747819
2024-04-03,observed,official_observed_reference,22.6282,24.647,83.1204,107.7674,1.421085472e-14,3491f21da2494d7a16e66ca74fac544b6b6c2102be641ef7940bc0840e007512
2024-04-04,observed,official_observed_reference,24.5993,26.7046,80.24,106.9447,-0.0001,a6a3733ac9b9b590d31808be27ff7d92ef2ee85ef43b8dd6eaa17eb3954cb4df
2024-04-05,observed,official_observed_reference,25.2512,27.5013,79.1088,106.6101,0,a2d60470b4237965d7090561348f280c7789806f672472d841f5d939c319de84
2024-04-06,observed,official_observed_reference,22.5051,24.7251,83.5005,108.2256,0,9c8a11a3d8a40acfc8692704bb1747dfa073cac49a22d88adafcc5a004bc8608
2024-04-07,observed,official_observed_reference,18.4813,20.6531,82.6879,103.341,0,c0ac07ead6b75e55972c604fb39421dd46135b6134c7158396faf1c5b585ac3b
2024-04-08,observed,official_observed_reference,21.5162,23.7486,86.3553,110.1039,0,26427c2cf1942b034fe5525e0c1ff8cc008aa06a830326fca6a57f7d84af3f34
2024-04-09,observed,official_observed_reference,21.5243,23.6191,88.176,111.7951,0,c8db897526213dd032c891f93ab5e0885cee2c008c6489ff4f2418fca189190c
2024-04-10,observed,official_observed_reference,16.502,17.8533,86.6387,104.492,0,20e47e49a7c0e6975e4197df5d772e0ec52401903616b09a9946a8ad9ea36172
2024-04-11,observed,official_observed_reference,18.6231,20.3513,87.7471,108.0983,0.0001,308f3a826fe7dbbb5437777ebbe646a5e599d9404295550149f0636a69dce7a5
2024-04-12,observed,official_observed_reference,13.8193,15.8735,88.8291,104.7026,-1.421085472e-14,1cfc6ac6fd81c34420a731c82af0c7843a2e4bb5bb950e66b4ba67f8a00d9b2a
2024-04-13,observed,official_observed_reference,11.7534,13.6505,85.0477,98.6982,0,98a97981e989f7ee96fb959179189d56461bce1abc02a52b0628ae573e916e8d
2024-04-14,observed,official_observed_reference,11.6504,13.7199,78.8296,92.5495,0,da141908c63ef016c542449f2e8e3b9cd07eadebdf28cbacee1d80186eb3a08d
2024-04-15,observed,official_observed_reference,18.3679,20.5596,83.4935,104.0531,0,fec91ec56be24c64c9e42523ef4d295900c3ffd6bd627547b75d1030e34f09dd
2024-04-16,observed,official_observed_reference,21.9827,23.9677,84.5264,108.4941,0,47b4fd643cdcacb226f20af0a7040f341c98a8498b3d26bd656e114d60cde31b
2024-04-17,observed,official_observed_reference,19.4486,21.5273,87.1868,108.7141,0,7754a5a39ed1f6022a5c65f7379bcc66f9755098ad29410c2dfb75ed3c90848d
2024-04-18,observed,official_observed_reference,20.8823,23.0492,85.192,108.2411,9.999999999e-05,c33a8275ca8ff636ed9baf0cd3b0939067992c241599a249183c98d7a7776cba
2024-04-19,observed,official_observed_reference,18.8744,20.9091,87.5928,108.5019,-1.421085472e-14,bbe8cd37a923151b13ca983ba26a6bb21cd943a3d1213c42ae19a9dec33c7299
2024-04-20,observed,official_observed_reference,15.5522,17.4762,88.3658,105.842,-1.421085472e-14,82ecd7a2171fd40ba5e415d4bf0cbd7904c8a1c92ac604a49769c8b85b308a3f
2024-04-21,observed,official_observed_reference,12.9927,15.0428,82.0474,97.0902,0,5dfc40e9b33b9dbd8923a714b59368a2bd97e24fb3176c43b1ded8ca57b5e76f
2024-04-22,observed,official_observed_reference,15.9221,17.9231,86.9275,104.8506,0,0529eb12b0ec9d4532f35e8fe15df74e022c3a87e39a41d4be81122d253edd91
2024-04-23,observed,official_observed_reference,15.6823,17.8214,88.556,106.3774,0,58dde4f19216329e21b95c255e9ebc949292885a3e099a13cd10e0e67dc9c8ce
2024-04-24,observed,official_observed_reference,17.5316,19.6505,88.3947,108.0452,0,be8024965808e826514c4489561970d0877368a82658c26fa03f68d1158f1128
2024-04-25,observed,official_observed_reference,18.7838,20.9464,88.7028,109.6493,-0.0001,028c9a10c358fe045ecf55ce8e31c8efcfdb8afa1235975d54570721a21ebc92
2024-04-26,observed,official_observed_reference,18.6091,20.7473,84.1195,104.8668,0,c55474086a4e8142a323471fed5074d20454fdddff504effe3ef220dda489d1b
2024-04-27,observed,official_observed_reference,21.7804,23.9118,86.2358,110.1475,0.0001,2354e987ec267b8abed9307a9a7055522b736cd5198e0329b22bc1cc9d0670c4
2024-04-28,observed,official_observed_reference,18.714,20.9792,83.7092,104.6883,0.0001,e5c555b6204ed6a3ac76c68daacf5e5bc3d6b25feb4698119fb2cda76b98300d
2024-04-29,observed,official_observed_reference,22.5841,24.7085,88.4507,113.1592,0,d6322d9e423dfe78517ac55a8b38fa935709a18bfbb3cd4c19c7c0c9aa99cb2c
2024-04-30,observed,official_observed_reference,22.1019,24.1734,89.0894,113.2628,0,7ffdb762db957c9c0bad74efa41f3a8dcabc1ae4e873e2dc51357cbd98bc631e
2024-05-01,observed,official_observed_reference,13.9806,16.4574,90.6998,107.1572,-1.421085472e-14,c7b131ec8af3fd5a104ae5f9b3b0a0661e7b2ed8e1acbbadd2153cc8f91c67ca
2024-05-02,observed,official_observed_reference,19.8283,22.0804,92.1048,114.1852,0,1f582033da9a6f00a749d0ebb9890ede9536c7e64c7a0a6156bbbc65e0380944
2024-05-03,observed,official_observed_reference,20.4303,22.7536,93.1949,115.9485,0,cf49cbb266a6257df461f8a4c04daad75fcd7c52d305e77e0c0596e486acf3aa
2024-05-04,observed,official_observed_reference,18.9478,21.2244,91.3006,112.525,0,ac0e6ceeadcecb319502a38d246fa9a24a5f02afbece6e88eb398aca508175de
2024-05-05,observed,official_observed_reference,13.7795,16.1799,87.1094,103.2892,0.0001,9fdf22bdbcf83644e5a329c1c0da1b933eebcd7149a393ab343d94620d1afec9
2024-05-06,observed,official_observed_reference,14.3707,16.8168,93.4252,110.2419,0.0001,30181648b19b8a3cba9dd0225c906e718de8c72abbba3d4ac4af9062f3b66279
2024-05-07,observed,official_observed_reference,14.6331,16.8368,93.2237,110.0605,-1.421085472e-14,079e137609dde17714575ac4fd81e0d584cba8c89b131c3d40dd90de17d605f7
2024-05-08,observed,official_observed_reference,15.0028,17.1247,92.0185,109.1432,1.421085472e-14,ed5cb5d8907f0f479db86e4837f937121c80d3612d46083fefe2bc1a048956f2
2024-05-09,observed,official_observed_reference,10.2565,12.0368,89.0631,101.0999,0,913976ba29da01cbc679fa3455925f2e734917c7774f4c5eec2255fcdbc5bc71
2024-05-10,observed,official_observed_reference,11.5311,13.1386,85.6933,98.8319,-1.421085472e-14,b870b21a4644d14148d6fc5281d5598319c9a12126672aa5852e18fc5a3ee5df
2024-05-11,observed,official_observed_reference,9.8517,11.6587,84.0358,95.6945,-1.421085472e-14,6766510b5845f94b3677d8e7974d0ff31c68364b6a41b5ae8429efb362f64a25
2024-05-12,observed,official_observed_reference,7.5394,9.194,78.4523,87.6462,0.0001,724093ca3a351fa566cd769e00c6e4c05198a7318ccff7b2212a529e6960029c
2024-05-13,observed,official_observed_reference,13.0586,14.5096,79.2902,93.7997,0.0001,a0005280d938f3ec2e83a493362f99163e7d88ae062ed657927e84bbb65130ea
2024-05-14,observed,official_observed_reference,13.7494,15.3653,75.6131,90.9785,-9.999999999e-05,a3357241b7de17d1f8c60db6cc26ecf992521a311a79c45c44bf7145c0c6e7a9
2024-05-15,observed,official_observed_reference,14.1989,16.0474,73.6724,89.7197,9.999999999e-05,f40396c6d1168ce9f3c8d45adf4c5f79b15e5dc8efeadbe755f025c7982cdcbf
2024-05-16,observed,official_observed_reference,15.837,17.389,73.3317,90.7207,0,bbe972b35c374943ba4405c477aa8e3e470bf5987605ff6211db4deb70b8e472
2024-05-17,observed,official_observed_reference,13.9572,15.7836,75.1696,90.9532,1.421085472e-14,23b2ef87a9fb13ac41ab7e90a705c6d6907d2b73be4eefe4af1ba5e1208c8fd9
2024-05-18,observed,official_observed_reference,13.2759,15.0121,73.1986,88.2107,0,74e687ac0d12bc9a68c9cd67f994010cada24015e8a4f45a6cc267ad4349d4ec
2024-05-19,observed,official_observed_reference,11.3919,13.1717,65.875,79.0467,0,ad3942d81069303f42219962f468a40cb0c491c7c0b1f496450a7659c40f3f7a
2024-05-20,observed,official_observed_reference,10.4775,11.8444,69.3131,81.1576,-0.0001,98b51bde9ccbf69b27736e8b1d8d4f5da972a1564d5b25dfa27e1044c703375a
2024-05-21,observed,official_observed_reference,14.6428,16.0345,65.1058,81.1403,0,befc990f4e7c0f28cae6740147a51edbdcbf8b246b803e6749a94ca154ea7f8f
2024-05-22,observed,official_observed_reference,24.1583,25.5777,55.0898,80.6675,-1.421085472e-14,d1ea39adc277ac7f61b16946ece9a75a11f6dff44ac4bb875ad1d3865d2f853e
2024-05-23,observed,official_observed_reference,29.0227,30.1958,49.7717,79.9674,0.0001,2bef880cf966e8ada337772400ace61a9d438c09daf63952414cae91eb6e7b06
2024-05-24,observed,official_observed_reference,28.1124,29.4994,49.7787,79.2781,0,bb6509d72987b37abb22e3f672a62d34c0ac5065a75b0ee0347fe58a22c3449b
2024-05-25,observed,official_observed_reference,18.392,20.5395,57.3234,77.8629,0,9a53a304e51f8e50a919105f39607f213187828440c6611aafece688b9a8ccbb
2024-05-26,observed,official_observed_reference,16.288,18.1214,54.179,72.3004,0,bc561d4fbea40de369f6e1bbaad672d547e5745135430e6d25cf64a781d5c0ca
2024-05-27,observed,official_observed_reference,24.4946,27.0357,53.9523,80.988,0,906c3d910fc48a84943f7a031df32b03e0d0b2a8dcb53e643af4ff9713f665ce
2024-05-28,observed,official_observed_reference,26.2359,28.2304,51.7548,79.9853,-9.999999999e-05,5447336ed4cc28f482e074fedb9854947a353cce548dd4a9e5c7c9bea84f2c08
2024-05-29,observed,official_observed_reference,26.3573,28.1296,51.4093,79.539,-0.0001,7d50a93ce0f89d39391bbf9d49084656d121507f06a0e7ef4b12e0d4cff28321
2024-05-30,observed,official_observed_reference,27.1373,28.8325,51.6457,80.4781,0.0001,ec1dfa011ec042153a8624d1bc5ef5477e3fce7463ae69a0c03ec416383e4770
2024-05-31,observed,official_observed_reference,29.8586,31.8967,51.9729,83.8696,0,cc8acbcfa38ced2dedc9cc8fb7d47da64943c835365f66a09912e6e9bf18ac84
2024-06-01,observed,official_observed_reference,32.4466,34.4046,48.8972,83.3017,0.0001,713149d17091b77f6c6b578c9fb7b9eb440e67e9c6fa0aba0f2ec90f4281d97c
2024-06-02,observed,official_observed_reference,20.9954,23.0263,54.7213,77.7475,0.0001,71589d2e5e0cce1943551bd98a554d6dcf73f8aa23e4f810e2e1c24a589eb0ca
2024-06-03,observed,official_observed_reference,29.1827,30.9407,53.1283,84.069,0,bc04a401bdae5611632fd780393693f2699643f433900c319b761b2753824052
2024-06-04,observed,official_observed_reference,33.7074,36.0544,52.3174,88.3717,0.0001,f2cfc33a98ae61c4c7c80d62ca5f2fb6bf012dbe328d4a168b5be30c5d6c31bb
2024-06-05,observed,official_observed_reference,29.0323,31.0018,57.1446,88.1464,0,cae0adfeff499c4161780e79b042835701140608df9eaad4877d7d3439537bc9
2024-06-06,observed,official_observed_reference,26.7113,28.691,58.9698,87.6608,0,850d2e085d6959f584935be1105a7d0624d5df8918c467976f7fa03303204024
2024-06-07,observed,official_observed_reference,25.1264,27.2385,57.139,84.3774,0.0001,a7353aea1acaa680a3256e82ccf38d6c2ab3a9fa069eade5469ad9148902a14b
2024-06-08,observed,official_observed_reference,20.56,22.6354,59.2693,81.9047,0,dcde3bc004af4ceba471e174736b6ce1297ca589da584b89fcf6a8a9dde6a831
2024-06-09,observed,official_observed_reference,15.2053,17.7075,56.0915,73.799,0,2e3fa70d5bb2b17d22b4e408bc9e83281ae24bf2a8374c15b1e22d792e6d364a
2024-06-10,observed,official_observed_reference,20.0431,22.6949,58.3344,81.0293,0,e3b82df099a33961c287d5d162cf2f56c77bde857fcfa313980c7db3dfed11c3
2024-06-11,observed,official_observed_reference,23.0756,25.8041,56.9249,82.729,0,acf095356f0bafe4b08da7d8845d9acf067301713b332afccaddf86539f70692
2024-06-12,observed,official_observed_reference,23.6586,25.8896,57.5385,83.428,0.0001,d54489cbf8d9251978101fa112bdc5973b73062d4e26ed8e2f7f062b4c259c38
2024-06-13,observed,official_observed_reference,23.1979,25.8108,58.6304,84.4411,0.0001,f28dba0f0775262c8b53fc938cc381264bee71642dcf5245a64afd6c9d928124
2024-06-14,observed,official_observed_reference,24.3875,27.1815,58.4648,85.6463,0,7434f1d7f5ae823147717c8c68fb5f6df9ead4594327e2423c3de336f107007c
2024-06-15,observed,official_observed_reference,26.7145,29.5219,57.3755,86.8973,0.0001,da57640a48df5cd4bd37f5f261ed021997f6c6a4ee97fb7d60a4d0e827438ce8
2024-06-16,observed,official_observed_reference,26.0536,28.6713,52.4422,81.1135,0,6cc3871d12713e05307ad5ddc61367ef30361e6c0fcee0527226cf66342d0cc8
2024-06-17,observed,official_observed_reference,27.4446,30.12,53.61,83.73,0,4d3491d1aefb06a8a6fef47d8b534faf23106476492d6699ac11d78a5bdfbcb8
2024-06-18,observed,official_observed_reference,27.362,29.6502,57.4322,87.0824,0,3e6f3f69565783f36ca086cd5371237ca64de0335068c4d80c17448be2a553f3
2024-06-19,observed,official_observed_reference,22.9015,25.2762,59.9486,85.2248,0,1f635c6be2eb5e541e7aee1b83d34cbc75ac6186724d092005f5f443abb75bf7
2024-06-20,observed,official_observed_reference,20.9859,23.5293,59.5169,83.0462,0,587c5eda61fb31cd52a5ef29e9174f2ebb7a70c8cad8149b0532977c7c00b5d5
2024-06-21,observed,official_observed_reference,21.7781,24.3992,56.7873,81.1865,0,e8e1cbc348974cc823748f79f1fa89c23fb1c5431301a77617e6dc7439b61408
2024-06-22,observed,official_observed_reference,22.1768,24.8115,54.0286,78.8401,-1.421085472e-14,896aa3128f39b9768a789e4f351c4ca3e2a85f77e04deda0569aa70d9f99e4e0
2024-06-23,observed,official_observed_reference,18.5054,21.0428,50.9961,72.0388,0.0001,8edcece5f7a0b374231ff10ab03b21b221716769744d003615b0636721aaed78
2024-06-24,observed,official_observed_reference,21.2558,23.9354,51.4357,75.3712,-0.0001,1a737599f18c333ac5d6977bb45f670f1708675e4659f3a1a928f7488029decc
2024-06-25,observed,official_observed_reference,23.3813,26.2099,49.1745,75.3843,0.0001,fba2850ef4d06b511f52e1044a25deb53bd717fb3f65320a898fe6d8821a1689
2024-06-26,observed,official_observed_reference,23.9124,26.2159,47.8783,74.0942,0,a3afe108f3bfb17640d2680dc7e14b8dca30deff7420d0bea76121eeb9a62a05
2024-06-27,observed,official_observed_reference,24.8212,27.0652,48.9978,76.063,0,17dabe2ed79610cec915a9b0f752476a6cd6bfe87d5351b5cd568317ddb7c70e
2024-06-28,observed,official_observed_reference,26.5082,29.41,48.422,77.8319,9.999999999e-05,d26120fc16c3c89b1c170d0a7412d71a8c7004e22de06ca10326bd36f9b9809c
2024-06-29,observed,official_observed_reference,25.8969,28.8331,50.9192,79.7523,-1.421085472e-14,7fa2209c3be1543ce7ad55d83351fdda70e6a9233399789111534562002c9ab8
2024-06-30,observed,official_observed_reference,23.0767,25.5981,48.602,74.2001,-1.421085472e-14,e87cde3cd4a0a56fe3869f5167c49f2cd6aea961dcee3d34db655f60ff27123c
2024-07-01,observed,official_observed_reference,30.8817,33.2044,45.1062,78.3106,0,d2687781a8a3b9299bb53e3faca55a635b4a74adb2aa3ba7657746601ede7282
2024-07-02,observed,official_observed_reference,29.2785,32.069,47.7166,79.7856,0,7b91dcad4a2baa5c30eac7a62e04a96fd3cc9b2e5701eafc912551c9ed145fe9
2024-07-03,observed,official_observed_reference,30.3662,33.228,48.7742,82.0022,0,ae1613c7d473dfa6b4732a1ffc45c459fa1f6ed22ee4cb0a2897cdb6bc72da66
2024-07-04,observed,official_observed_reference,27.2051,29.9151,51.9964,81.9115,0,ee1197395c09506b72ef115cd4dc7b8f9922c683d4b7473ffb07e3a22d1a4a21
2024-07-05,observed,official_observed_reference,30.3656,32.7842,49.1979,81.9821,0,7121caf36a6310c99e41d550625d8886b6e24fd33af05dbd218735bc7549eca4
2024-07-06,observed,official_observed_reference,25.3296,27.9371,50.0804,78.0175,0,551f46a01248361429ae95208b60ae6a5250017ea6e973e5eac55f0a778bbfe6
2024-07-07,observed,official_observed_reference,23.5443,26.2656,45.4685,71.7341,0,4af977e710003b13640373d50d463f82b7e9e711d1b462c656c799f9eb4f101d
2024-07-08,observed,official_observed_reference,28.7307,31.238,45.5435,76.7814,9.999999999e-05,d9e5e1a6ec263f08e84f8d960cff702db2e09bcb0b427c32a48b43d64c8f2c95
2024-07-09,observed,official_observed_reference,27.1683,29.9481,46.6357,76.5838,0,5146103fe702baf2f5e0f356b4c62023b0ca38ec03162d2ccc11d2a3060ab0eb
2024-07-10,observed,official_observed_reference,27.6496,30.7717,47.4637,78.2354,0,a2bf334c059f2d5b1c1a20da9cd6da7231b1340f7bdbf0ae93de40013f187dd6
2024-07-11,observed,official_observed_reference,29.4095,32.5878,49.3134,81.9012,0,0df98add6f5c0f5367892a5d7025556e24cad2b47c1600a9e7dc6f7edff193cd
2024-07-12,observed,official_observed_reference,24.1072,26.53,54.3225,80.8525,-1.421085472e-14,6ed9b8781b293f7b7600b74ca3960cb319f4bce27b61885717dcfd6001912c7e
2024-07-13,observed,official_observed_reference,21.7281,24.6136,52.1504,76.764,0,ea4e053603a9a9e66dd92532345dc0e985d0bf2925bc4e35957d588784f2029b
2024-07-14,observed,official_observed_reference,20.9931,23.6634,45.2819,68.9452,0.0001,f3e4dd231113017c3c597e5d527d485e008fa7afb2aa674cbd4f90561511bb93
2024-07-15,observed,official_observed_reference,23.8948,25.9023,43.8013,69.7036,0,08448616a57f0a2ac24c63d9b1316a398cd64c7d4e4f2816cca5630fd666c126
2024-07-16,observed,official_observed_reference,23.267,25.5171,43.2778,68.7948,0.0001,246642dbd757bdf57ee9f8a44a7572a6f660356bfb89d1d764034cf8e5a559d6
2024-07-17,observed,official_observed_reference,29.2739,31.8692,42.1265,73.9957,0,301ff47c30682551d18ed600d075f6fee95d92b43c2abe2080fd602bfd93648e
2024-07-18,observed,official_observed_reference,29.3571,31.832,41.1251,72.9571,0,78b986653c4b559119363a470e55f09c3e8c4cffab45cdd087a9b55ef6b68a9b
2024-07-19,observed,official_observed_reference,28.0142,30.569,43.3132,73.8821,0.0001,ca8fd50c5b02b7a3deb78ab9d2e81a186be35f5a0c896fab839979e38ae26135
2024-07-20,observed,official_observed_reference,30.2419,33.6797,43.6323,77.312,0,77da50de1107dcaec848481a1904d12246a616f21cdd78578fef4a053d4def4f
2024-07-21,observed,official_observed_reference,27.2768,30.4635,42.182,72.6455,0,356ee54867859df3931df1b1fb2d9352ec1b7c465281bc3405b15ac12ee75f80
2024-07-22,observed,official_observed_reference,30.0398,32.6522,43.7866,76.4388,0,8321fd92752d14d72051d71714f75ed79bfc1a02434656e210989f671267e19b
2024-07-23,observed,official_observed_reference,30.7185,33.7077,45.4262,79.1339,1.421085472e-14,66cc80c69af78a70df413344bf6f37460c8e7fe85f3ff467f409a05f93dbe540
2024-07-24,observed,official_observed_reference,31.2354,34.2044,45.5214,79.7258,-1.421085472e-14,d4aa2a90df7c873def4c7109a4fc5a9af56851eee8983dc0c5b95aac0b481f7a
2024-07-25,observed,official_observed_reference,31.1872,33.7093,41.8263,75.5356,0,e50941dfbb37fffdbd7a9016e67cd580d4600428a8719c23f6cf91365447864b
2024-07-26,observed,official_observed_reference,32.0501,35.0325,44.5513,79.5838,0,952a235bd91c1f7d4eac3448e3f8a2dff8d2ff8b41b2b4ce1107341760161cdc
2024-07-27,observed,official_observed_reference,34.2305,38.0612,42.8184,80.8796,0,9976c8bf749d73cc0ca013432f9073cff37a6879357e40bb3dfd567970fbcfa3
2024-07-28,observed,official_observed_reference,28.8849,31.8294,40.1192,71.9486,0,22039b42eeb6364b8a95040f7b672202a5c3f36786e5a261324eb06347a62051
2024-07-29,observed,official_observed_reference,34.9276,37.4294,38.3471,75.7765,0,e313c6a9efd0377000d2aba26a493f33d5b01f966ce020874c6661b50bce590c
2024-07-30,observed,official_observed_reference,33.1437,35.3186,36.8392,72.1578,1.421085472e-14,aa16a1472e3d4f34e82c81dab7ddfc1c33f26693efc266c8c1e5f20f77eea90d
2024-07-31,observed,official_observed_reference,33.0426,35.7094,38.8137,74.523,0.0001,5ebe30d0e4d2237bf8e6224afafe9709a92422a9ff117aefc5269a29a53c08ad
2024-08-01,observed,official_observed_reference,37.7893,40.6979,34.7511,75.449,0,3d8441690b5c8b3b2623b09c23c6afa15ead1ec0016541e36881c595d7c704ee
2024-08-02,observed,official_observed_reference,38.5169,41.3782,35.0969,76.4751,0,8ca5fd6ddc927ef9dd396ac20cd26dcb17797386eb033d29ce4b6d4bbb310831
2024-08-03,observed,official_observed_reference,38.1699,41.1159,34.6811,75.797,0,3691a43a8b4357eda16d8527ef0d8fdff15c4d7cf58ee63914ccd9175790efd0
2024-08-04,observed,official_observed_reference,35.547,38.244,31.7988,70.0428,0,c7c974ae83f853c1eeba34dc642f0370fa366863fecd5959b8c0e449c74c0c74
2024-08-05,observed,official_observed_reference,38.8073,41.6026,36.7151,78.3177,0,7f24229b362a03437604b279ced840f580b9758b9805899ec964dec0cc5adb1e
2024-08-06,observed,official_observed_reference,38.3056,40.9589,38.3268,79.2858,-0.0001,3980956b475c5cc573b598ab0f1f62f40ef0a09ca0f5d956fe2517da2b184278
2024-08-07,observed,official_observed_reference,38.5208,41.2578,39.5141,80.772,-0.0001,70427ec6fd80b577f04a5dc85e003fa3aa1fd4f558c2288af044047a25864d7f
2024-08-08,observed,official_observed_reference,37.4192,40.2091,40.3658,80.5748,0.0001,b4bf561d9329bd6f0f9e804cc126c1a0b20cb78a02f7b7ab6b9b49b9fabdbe1d
2024-08-09,observed,official_observed_reference,33.6738,36.5677,44.5488,81.1165,0,498c4f253e8cc5bd8b20fdc0785b7c98fda5f246d491c86b787963fdb40f227f
2024-08-10,observed,official_observed_reference,34.1302,36.9393,45.3193,82.2586,0,53a07517f5385354c0043f03b219313f3894701f600cf0bafba32a1e9230e064
2024-08-11,observed,official_observed_reference,31.4391,33.8803,42.4536,76.3339,0,ffda69a69450d2e5ff4ba4e088e5490bb1ba7e56ffde82e7ebd049c14ca46eb3
2024-08-12,missing,not_observed,,,,,,
2024-08-13,observed,official_observed_reference,35.0076,37.4341,45.7488,83.1829,0,600f819102ff9ef76d2b59f83af25967b4d7c2e297e3421b7ad63cdf23f63ea1
2024-08-14,observed,official_observed_reference,36.0495,38.4856,42.5534,81.039,0,71f4a985b01611eb3e51dde13ca5e5a495c42c35763bffabe0a0b2c9633b6e1e
2024-08-15,observed,official_observed_reference,31.8383,34.0172,44.5298,78.5471,-0.0001,15cecca024e42764e1d89ba9ad8cc4d0e4a94720ba825fa3cf3a7062dfd17caf
2024-08-16,observed,official_observed_reference,36.0168,38.4425,44.8604,83.3029,0,fa4837342b4356912ed6e1a2e62fc5eacff37e34af37a6de43aff85f30437504
2024-08-17,observed,official_observed_reference,32.3732,34.7081,47.7662,82.4743,0,73d96ebb94457970fdafc22451aa24f4e2fd03a14d54949cc6262b6c5782e7ac
2024-08-18,observed,official_observed_reference,27.6133,30.3661,44.9031,75.2692,0,45d5561580b16c6735e19d7ba5730905c058fed3b41631f71e376e444950eef7
2024-08-19,observed,official_observed_reference,30.0342,32.2719,51.2802,83.5521,0,8608f45ace4b12fdf5f761a26ab49f8b3305fc2ea482fe00f6de125bd4ab3caf
2024-08-20,observed,official_observed_reference,28.1361,30.6735,53.3066,83.9802,-9.999999999e-05,f9ab1b1f378ea3acb9b3a98b28fb55d37d4235aff5fe8a48b7979aa3fbf7bc4d
2024-08-21,observed,official_observed_reference,28.4904,31.1951,46.353,77.5481,0,a52a4e47ba0d1cbb311aadf84e6fe942282f85f5311e01d28949b007a3664646
2024-08-22,observed,official_observed_reference,31.9349,34.6856,48.0442,82.7298,0,9e80ea3aa4687882e6b142948f07b94f84ac7de6152ad6b00d87d8fbcb2d3797
2024-08-23,observed,official_observed_reference,26.7362,29.8949,54.1768,84.0717,-1.421085472e-14,53ad84b0e8b4acae0550294afe01ec5300b134a6e94e3ae5aa62bc09cc24d0d5
2024-08-24,observed,official_observed_reference,24.4228,27.0941,56.7673,83.8615,-0.0001,c090495b695a1afafd4010247fbe080d92a407e59d0f26b97074e4d24c087acb
2024-08-25,observed,official_observed_reference,19.3469,22.3507,54.5595,76.9102,0,5a502c3beb313686de97f76396c54b4a77cf80b8cfc48005b6cc53017e772095
2024-08-26,observed,official_observed_reference,23.6026,26.8235,56.2985,83.122,0,b6d1e364841861378dcc0a51ce8582dc5f380f9474abc33c5ef721baf8229ea4
2024-08-27,observed,official_observed_reference,21.6078,24.6626,61.0275,85.6901,0,c151f72b9b7571b28be800a0212811be5bd64839eda28f7178a4654111409e24
2024-08-28,observed,official_observed_reference,24.6554,27.4676,58.4388,85.9063,0.0001,7f0c940474b72ca4cff75d06c8fc4dc8d8e0ec03dba1e2d533b2f99f05e6eb86
2024-08-29,observed,official_observed_reference,25.6636,28.5708,54.5333,83.1041,-1.421085472e-14,38d819214b4f91bbf30bb8c2e8770880767b46e3664840a61ba98747e5f142c9
2024-08-30,observed,official_observed_reference,27.7295,30.3213,50.2018,80.5231,0,8abc9aac29cfcbddc5135d7bd0ce62c2f0b741e755393fc4f15c08695aa41243
2024-08-31,observed,official_observed_reference,26.7248,29.9203,49.4492,79.3694,0.0001,fd635b374f2549e78e572465603d35b15ecbd3dae7fcae179d4e41e639bbbecd
2024-09-01,observed,official_observed_reference,25.5803,28.4507,43.6123,72.0629,0.0001,253916aad302e9c8987eb0a6efb20839cd4ec0df7d86f4a65d05f019f8587193
2024-09-02,observed,official_observed_reference,27.7797,30.8055,48.5566,79.3621,0,146203d2fd240a95b9141db64a464fe24012d699a916edbecfd852c92c6f7e43
2024-09-03,observed,official_observed_reference,27.699,30.5261,51.2629,81.789,0,171d6a5ec8fc7c1ac0b26c69c8774fccc0be079728591a55001e345631edd075
2024-09-04,observed,official_observed_reference,25.7396,29.3673,53.5468,82.9141,-1.421085472e-14,4a006280a2ad00aff03a1922fd189a5120066f5a1dea996abcc41bb5c924f967
2024-09-05,observed,official_observed_reference,24.8077,28.4653,55.882,84.3472,9.999999999e-05,1ba778beb2fbfa82d8192013397e8323eea8d12c45a10902d9d3b7ff8dea0b60
2024-09-06,missing,not_observed,,,,,,
2024-09-07,observed,official_observed_reference,26.7757,30.1906,54.4663,84.6569,0,d405cf3d90a37caa4efb07bee183a98bced79ca73870d24f5205946cc62664aa
2024-09-08,observed,official_observed_reference,24.5221,27.6374,49.6013,77.2387,0,9291d4105185b50d38e425a63ddf872ffede014cfdae5149d2369495bc25a79e
2024-09-09,observed,official_observed_reference,25.9265,28.9546,53.2884,82.2431,-0.0001,0ee37321f6f8fedfde9be7acc436113f0df9e0b59ce168bf5a96a372c83ba0c4
2024-09-10,observed,official_observed_reference,27.1654,31.0575,52.8581,83.9157,-0.0001,fb4ef2779acbc7551cb847ba650ff1393b486f059108bac99a4de57abf539d8b
2024-09-11,observed,official_observed_reference,26.4812,29.8369,54.9867,84.8236,0,fc5ed0590aa62895ee1dac9a0ecc7642e7575c7b0c2e1fbc0e75623311804a09
2024-09-12,observed,official_observed_reference,26.7861,30.1705,54.8544,85.0249,0,560e244da51e4bd30eeace3fb7c38ed5873485b505d61f6204485f579259e704
2024-09-13,observed,official_observed_reference,26.8392,30.4089,55.7251,86.134,0,06d23f7ee1ff77168c96a495f91d48e79e5067e9b1649910d7d11c4f28a7fdad
2024-09-14,observed,official_observed_reference,25.3528,28.6953,52.7522,81.4475,0,d9c5f02b1321729467a22879f1dcfd6f4341721d1f0d67455cec6c84d68f4bce
2024-09-15,observed,official_observed_reference,22.7413,26.1129,46.9173,73.0301,9.999999999e-05,5bfd3ce5846a6518d7e83c557b4f58b0d048b830447273ddbb596d1915078c66
2024-09-16,observed,official_observed_reference,24.8085,28.1388,48.5417,76.6805,0,5053de5d5e46c552ed93e7d191a37e9c5b4e86ceda9bdc2de476d91e63a16c83
2024-09-17,observed,official_observed_reference,28.8389,32.2013,50.2022,82.4035,1.421085472e-14,16a06499109285ad4642bf5698ec62ba5e80a52acdb4f1f6c7abb58e0be463e4
2024-09-18,observed,official_observed_reference,29.536,32.7906,52.4297,85.2204,-0.0001,f1b291ac2830ab847abb226e2fa8fbf47679405ee45b26f584368cebac5f13af
2024-09-19,observed,official_observed_reference,27.3946,30.4999,56.149,86.6489,0,261e6f00b417a3baa2188762bf4738e2eddad290a4b7397e6204b25133ead916
2024-09-20,missing,not_observed,,,,,,
2024-09-21,observed,official_observed_reference,28.6121,31.8175,53.5023,85.3197,0.0001,b80c00cb1e2e505d7c31907b83d6650592414a812d0535bc97bd1753f29b78be
2024-09-22,observed,official_observed_reference,24.5739,27.5298,51.6114,79.1412,0,ad25da3143ed9b00038ad6f21a7dbbabc302f6fd5e286c351f8c2561cadf9de3
2024-09-23,observed,official_observed_reference,31.86,34.5916,50.1989,84.7905,1.421085472e-14,978db8265e737a69e063bc2ab3e6a71e45f33dcf662ea792daf96c7765bfbef7
2024-09-24,observed,official_observed_reference,25.1023,27.9128,56.1845,84.0973,0,8bd0f34c95e553c427128956730d562a5e5c53dd3fa9c8571aa2d9bfcfc20445
2024-09-25,observed,official_observed_reference,25.6113,28.6475,56.7948,85.4424,-0.0001,867f5827d67241ffd2b113d3a176a41a8fe1ea1c29c885260267f77486559456
2024-09-26,observed,official_observed_reference,27.579,30.4348,55.3542,85.789,0,cb97dee68e7b8f4b3f256d90d90bc7fd6963ea14504d36982cbbe3975fc546d1
2024-09-27,observed,official_observed_reference,26.0071,29.0551,57.1878,86.2428,0.0001,c85c5db33f6578e0bc61bb33db2ba2432d2509ff819aef941059cc4e8c9a94d0
2024-09-28,observed,official_observed_reference,26.1911,28.8496,57.7851,86.6347,0,dac0734f78a67fe7830278cd559f8933adc35ef9e42db619d8e2d283d6a9759f
2024-09-29,observed,official_observed_reference,21.9284,24.4157,55.7119,80.1275,0.0001,fe20ba1395d22c162b8b63adf842c2e164166d2d1a425bef21f098fa3c6dc3d3
2024-09-30,observed,official_observed_reference,29.2847,31.7246,52.6479,84.3726,-0.0001,0748cdd22027a503458ba95ec88a798f00e5c18e33e03113b771bad4639a4be8
2024-10-01,observed,official_observed_reference,21.7768,24.5946,64.1749,88.7695,0,2876b59725376d57d11fbd318697c52bcbcf7e20d1a22ed4147db0e9085670d1
2024-10-02,observed,official_observed_reference,22.2509,24.58,60.6491,85.2291,-1.421085472e-14,3b17eb5b8cc35c8358edb979af3dcb576b28f822315c1d8b9b0f3658f34629c5
2024-10-03,observed,official_observed_reference,21.8346,24.3303,63.9934,88.3237,0,44784b70f01521bb38933c47b5f5a6c56313329433a43615bae76025bf805680
2024-10-04,observed,official_observed_reference,20.8481,23.6838,66.0128,89.6966,0,e1dc2ecf63c7b2defd0ed1c887c9d8dcdaa46e9f98dc6b7614cec57c428d802c
2024-10-05,observed,official_observed_reference,21.0944,23.4552,64.5866,88.0417,0.0001,094c297bc6def321057f6448ab0a2c0afbd1b0957a592f3a69d3e9d4a479e865
2024-10-06,observed,official_observed_reference,17.3972,19.5089,59.6719,79.1808,0,078c579e1d1acb65ce88b6900b5c232d5493634a055d4b49cb22092cb6402e13
2024-10-07,observed,official_observed_reference,17.5837,19.7901,61.81,81.6001,0,0cb7d267732b5fa70d4a0be2b1a7af2176de52ac874b11007854bf906d799850
2024-10-08,observed,official_observed_reference,20.3217,22.6777,61.6362,84.314,-9.999999999e-05,69b8e04100e6adbb16f8e20d3b6a7bcb525460f54c90c9287998627484daf113
2024-10-09,observed,official_observed_reference,19.4089,21.6274,64.0567,85.6841,0,e7df7fdf463dc6c6d78ca45543d39d94d61d779c8fef204e9fabfeb361c31799
2024-10-10,observed,official_observed_reference,16.2794,18.493,64.4012,82.8942,0,5fd34e7f22657e3085329473230e65be647b428054510eb285f78cba561e2a53
2024-10-11,observed,official_observed_reference,16.2597,18.2026,62.3547,80.5573,0,d6d91bf8e410306de333956cb0674ef018f752aaa29b75831c6f68579a190052
2024-10-12,observed,official_observed_reference,14.1627,16.1065,59.1293,75.2358,0,b63ad8d1b347f996593f0099405db3055ee9dbb806fe615c05d7dac0a5e34e25
2024-10-13,observed,official_observed_reference,14.5176,16.4423,56.3894,72.8316,0.0001,a5642f6f943e5d53a765e817331730ad0c5bfcde2d209c2247b6e45161d03f78
2024-10-14,observed,official_observed_reference,14.6888,16.6339,63.5102,80.1442,-0.0001,34ca9fede6696fc89365b0e65883a6e67eb57c19e43ac4236a1bb5316653d5fc
2024-10-15,observed,official_observed_reference,16.2314,18.337,62.6809,81.0179,0,6699bf96d1ef9fb3c9f7decb8fd253642939756c0b80551f20f65185663b9779
2024-10-16,observed,official_observed_reference,17.526,19.7091,60.4648,80.1739,0,a0cb546a423956cb0246b80cab5fb1f7011dacd4e9d888c10ae692b3022bde7e
2024-10-17,observed,official_observed_reference,17.9524,20.8826,59.7998,80.6825,-0.0001,070d9fd7f423f8be4dcf2bd62af48e83c3fa02fbee7646c495af8f50bcd56b1f
2024-10-18,observed,official_observed_reference,17.7686,20.4618,62.2665,82.7283,0,6f9c044ccb9a923cfc931be323d0a4492c2fade80c4fe3f8dbea5aadc37c3879
2024-10-19,observed,official_observed_reference,19.1931,21.4535,62.4615,83.915,-1.421085472e-14,3d31b94516e77b69f51e777e006827b7d904eb768da01b0292bf5557decf244c
2024-10-20,observed,official_observed_reference,18.5,20.8426,56.9335,77.7761,0,5fdd6a2603e8b669d76374dc039a0691c35a30db48824a59a77853aa4fc8e1de
2024-10-21,observed,official_observed_reference,20.1905,22.3682,62.5191,84.8873,1.421085472e-14,d6fe387b6882ba5164442a0b806b41215c4b84c3bb5aa5cf13236f7d36924090
2024-10-22,observed,official_observed_reference,20.2057,22.4571,63.3015,85.7586,0,4063fe91a9c13b65a9d98c900a29c9317bbbfaf5cb159aca1761dc4a3f7e86bd
2024-10-23,observed,official_observed_reference,18.9999,21.0892,63.7927,84.882,-0.0001,e8bb5869485e3df1767792342968741efe3e21568837bae4afefd7d3bbedd6a1
2024-10-24,observed,official_observed_reference,20.2313,22.5076,62.4436,84.9511,0.0001,14906ba1b07b1cfb2f2a13a3448846608a7ccdc750d5353ba006612ee43587e3
2024-10-25,observed,official_observed_reference,20.0768,22.004,61.9121,83.9161,0,6e3463b219b874c606710af4c715ba8f1cc5338b95a9be1c7247f4eaed3839cc
2024-10-26,missing,not_observed,,,,,,
2024-10-27,observed,official_observed_reference,17.8342,20.3992,56.2936,76.6928,0,d8721d4b0b8443f91096315afdeffe4d5f3604080dc371bd7c75d5da38b0ce96
2024-10-28,observed,official_observed_reference,20.803,22.7907,61.5466,84.3373,0,dd82288501998fbc6be0f316b089ce9cb8c8114aaf15fe32cd9273a226ae6255
2024-10-29,observed,official_observed_reference,21.206,23.6118,61.8958,85.5076,0,1aeed98a90180fd599c67c02c6b456bc2192cf7b217f8eed0d3f1f40e297a7cf
2024-10-30,observed,official_observed_reference,22.1208,24.4317,62.3296,86.7613,0,50bf37b292ab1361f300aaba52546278fb626c92d860745d97f8115144adeead
2024-10-31,observed,official_observed_reference,18.0586,20.2649,64.411,84.6759,0,a6e0193fd145f0a88ffec35b1bdf38317218e374b8dd405cd96c11876038fbd5
2024-11-01,observed,official_observed_reference,16.4258,18.3699,66.3876,84.7575,1.421085472e-14,1c417bd1aee34102f66b2de16f63d6225debed28e686a375e46054058a204ce0
2024-11-02,observed,official_observed_reference,16.7256,18.6326,64.2481,82.8807,-1.421085472e-14,b60a5c1ac1a82e0930ab5ba4081d4aa78f926e75f3f1b379567ccf689d9311ad
2024-11-03,observed,official_observed_reference,14.432,16.8771,57.036,73.9131,0,376903935fc6b8c546a2ea6756cbbade56418c230471f3dc2ec3f9a7c06d5736
2024-11-04,observed,official_observed_reference,17.3032,19.4567,61.8939,81.3506,0,4ee0af6f043dea94ad07a97f797708bf4af08a7ceca6288b675a2013d88c237e
2024-11-05,observed,official_observed_reference,18.4105,20.5937,61.326,81.9197,0,64668c1df3c96316d83cd4fa550bbea8c9be7f60d3e86a8bf168d41a6a5845bd
2024-11-06,observed,official_observed_reference,17.9565,20.1066,63.4472,83.5538,0,284fcb93fa4ae5703f6f5638ef25cf2ba293e847ef6400be5b53d5d1c6f27c5d
2024-11-07,observed,official_observed_reference,17.5999,19.7485,66.0124,85.761,-0.0001,50d88809dff0a79c2caf1d6f10ed49e78cf3f5d39ffd9821976bdd334e84957b
2024-11-08,observed,official_observed_reference,16.8134,18.6984,66.9439,85.6423,0,017e19856edb55f9c26a7ea1ec4bad7dcf5ddf7155cc95f1c600c49eb004bdfe
2024-11-09,observed,official_observed_reference,17.609,19.7971,64.6188,84.4159,0,47501f3fcaa299cbc3b54ba78f761da7802ee222ebb2cb82c5d2346603d47070
2024-11-10,observed,official_observed_reference,17.6183,19.9554,58.2107,78.1661,0,625b9d66cec1e4c302596b45641a700f398412f9bdfcfba27b170089ab8cf121
2024-11-11,observed,official_observed_reference,19.9537,22.0651,63.4317,85.4969,-9.999999999e-05,313a87b475172c4e1dbb98aceb441bbf3b0b0b4beec80b8e7f3f8552318db720
2024-11-12,observed,official_observed_reference,20.769,22.7587,64.7378,87.4965,0,762ddcaf08e1cb3f3230c5e12ea8c8029ae95d311287d960f26e507b40cb2a46
2024-11-13,observed,official_observed_reference,17.7457,19.6444,69.067,88.7113,0.0001,a6fc535b188ea4b9d2e2e9b5e6a4a8f35be92eb0a69437a239948276850886c3
2024-11-14,observed,official_observed_reference,17.2327,19.1185,69.0388,88.1573,-1.421085472e-14,46e1d87737621a3d715d5031275f30c3e5a4a1f107abacc69c17bbd46272651f
2024-11-15,observed,official_observed_reference,17.6108,19.3644,67.1387,86.5032,-0.0001,2f00c6f8f82dc6111951c7404d2d4025be9ae7278091489d09995b7cff792018
2024-11-16,observed,official_observed_reference,15.9395,18.1809,66.8342,85.0151,-1.421085472e-14,a95bbbef861975b8f052a5179b5c0bd3d2b51d03f50590ddcf773eef2aa5423c
2024-11-17,missing,not_observed,,,,,,
2024-11-18,observed,official_observed_reference,15.6068,17.6932,67.6009,85.294,0.0001,a145f6a83c65efec7ab5bf40b9bd04c35ff9a6fb1e93986f221d1a9077a482f4
2024-11-19,observed,official_observed_reference,15.3167,17.3594,69.5412,86.9006,0,1c1ebccd8f3c0aa2dd9ef788a9c8fc29ae7b31fe5b3de77834abcf01f0787d5c
2024-11-20,observed,official_observed_reference,14.257,15.9859,69.8352,85.8211,0,e77cd64a72877f6fb9e94792cfb16befb7ee4a47cfc3b6ddb1c01d260eaf30c5
2024-11-21,observed,official_observed_reference,15.3359,17.1113,67.5552,84.6665,0,1b761125eae9da83aa41b7249d1816bcd10327087b45e9c93f8a5fe3beb78af5
2024-11-22,observed,official_observed_reference,16.0959,18.1735,66.9571,85.1307,-0.0001,b2468aa616f9dd02576c19e13f55a6f8a564b71a403fab24d35aa214b6221854
2024-11-23,observed,official_observed_reference,16.6901,18.6207,67.3051,85.9258,0,310bbc1573de19f19e75ebece061cae84b2cfe1076109047ec732ec91a58ba28
2024-11-24,observed,official_observed_reference,14.4834,16.5113,62.3353,78.8466,0,a1c742ec60e253ce6116ef084e5c70965ce5f969d47e5e7d346b0b117cd16ee0
2024-11-25,observed,official_observed_reference,16.6869,18.622,67.7062,86.3283,-0.0001,9ac7a9aa291528b2ac52b29a681528d0bf175333941714dccebc54be24c2928d
2024-11-26,observed,official_observed_reference,18.2217,19.7181,67.6632,87.3813,1.421085472e-14,6bfda5950b8c842f4447c196f7777be972f3355c37cf77fc544e3883e66b725b
2024-11-27,observed,official_observed_reference,15.7651,17.1001,67.8225,84.9226,0,63d362427493fd76d5729046b9190cb4c9a3caf17f9a677b23dd8bcf6429134d
2024-11-28,observed,official_observed_reference,14.6253,16.4109,67.7918,84.2027,0,cbd03993244115c093e180d2587ef2df85a2ae9a7d4125c6297cde529bb45ec8
2024-11-29,observed,official_observed_reference,17.6168,19.3667,65.6639,85.0306,-1.421085472e-14,15d1094ba6aec514f447e7f2a5063d2938949d12821b15dceade25821797dbf3
2024-11-30,missing,not_observed,,,,,,
2024-12-01,observed,official_observed_reference,10.314,11.989,64.6147,76.6036,0.0001,0120d88dd7289c2f9c0a8dc73b76496ab08eb6f6249fb82f68d5b6ba19f6c939
2024-12-02,observed,official_observed_reference,12.2956,14.5616,66.4596,81.0212,0,9f54f37bb0ae8fb97c4532d8c2354e435800592f6f6e5e3edecf7835eecc5c4c
2024-12-03,observed,official_observed_reference,13.7852,16.1612,64.3109,80.4721,1.421085472e-14,12f242f40a9ac7cf2e954c41223cb3865a43c7cf2a424121a4593e958d35e410
2024-12-04,observed,official_observed_reference,12.8555,14.5572,68.0467,82.604,-0.0001,9c5872244b1a17d5bbf6132d6ee422b7a2b9e06d113a3a4cf505c6cc0ec2944c
2024-12-05,observed,official_observed_reference,14.9715,16.9709,66.2221,83.193,0,ab1988c0ccce8fa03611ba7a6c29ed9d0c1606c14561b907913c5a9b249ec679
2024-12-06,observed,official_observed_reference,15.4451,17.7432,66.6707,84.4139,0,1730d0eacb2c10889b1d4dfa00fce3c77a4caa05b43ec97f820fbdcd7d63a9f3
2024-12-07,observed,official_observed_reference,13.4829,15.5667,69.8165,85.3831,0.0001,0fc10094e4f252a2ca74761183b34bef5ad4748e4253ae9b232a459b14237fc6
2024-12-08,observed,official_observed_reference,12.4821,14.4222,63.6664,78.0886,0,0fe241ce8382b1e27da698786f0d7390b4959b9db141584ca6bd033b10990ab0
2024-12-09,observed,official_observed_reference,13.528,15.4874,69.6322,85.1196,-1.421085472e-14,5fa1837321c49798e3f8e0b3c52cf134cbd27c7e889fa70c484196498b836a4a
2024-12-10,observed,official_observed_reference,13.9468,15.8044,70.834,86.6384,0,707c1bf94c4033b8203a4b18a702707fc12db338fe7c77c0150a3f4a20166f9c
2024-12-11,observed,official_observed_reference,12.7763,15.4194,71.7819,87.2013,-1.421085472e-14,dc2ccb1b7e4fe08cd5fe88fa6cb0529e72c2f311bf5929e690a9df7e59807505
2024-12-12,observed,official_observed_reference,14.075,15.9565,70.2228,86.1794,-9.999999999e-05,ddbf709841c4b9f0cbd3220c0ca09f8e76699d8fe34aadacbf7d905757163f4c
2024-12-13,observed,official_observed_reference,12.1007,15.4125,69.1089,84.5214,0,f8d4332519360b4cf24428b5a6c56d7d95c133d70d3033ab85253392ed9a7f6c
2024-12-14,observed,official_observed_reference,12.6948,15.2605,66.1415,81.402,-1.421085472e-14,2fccacbb24080008b019086d75b4f0661b91815535441094acb33bfd04144d98
2024-12-15,observed,official_observed_reference,11.553,14.7895,57.1445,71.9339,0.0001,ee169d5b1cd802a16ebcf32425875e347170b8fdd53fed204dc32c5bfd36f22c
2024-12-16,missing,not_observed,,,,,,
2024-12-17,observed,official_observed_reference,13.364,15.7853,66.0347,81.82,0,4438c18d493351ef84ec517c1e7eb3fd100520df71aeb4676cc6eafda7c67a9b
2024-12-18,observed,official_observed_reference,15.6822,18.2492,64.341,82.5903,-0.0001,55958ad3aa43ad34ab1e7081455c9e893c91bdc02e46aa69a1bacf5e74cee520
2024-12-19,observed,official_observed_reference,19.4133,22.0287,63.095,85.1237,0,b0be2245f52c656c152a81c3905a67153d7574006dd8725930c95b706c3c6bfc
2024-12-20,observed,official_observed_reference,20.0542,22.8721,64.3649,87.237,1.421085472e-14,963d27e54cd607914925ad83771437360774ae5fa04b3ec693725a8d93f1382a
2024-12-21,observed,official_observed_reference,16.4834,19.1569,67.3624,86.5193,-1.421085472e-14,a0e9c9077b873e0eedea09d18483c8f80c202be1b50bee334f074305c7da49fc
2024-12-22,observed,official_observed_reference,10.7933,13.4777,64.0398,77.5175,0,e73fb5782d1d5cccaa0e25910b08964e222ef7d13320f06317960dedb619c983
2024-12-23,observed,official_observed_reference,15.1581,17.8492,64.6112,82.4604,-1.421085472e-14,244ba99865041fcf71f403b25eb0df04eb2884b60c91ec669fd747f07a78f747
2024-12-24,observed,official_observed_reference,14.0123,16.4306,65.3277,81.7584,-0.0001,6ebb86685b25c8e7dca8f840ab637c13805fc9474d0952c7465b24213430e1d5
2024-12-25,observed,official_observed_reference,11.3286,13.3448,60.3367,73.6816,-0.0001,27b45fffdb27a37a4580b836113a290292347c87ddacc01b220a1fbff317a1f8
2024-12-26,observed,official_observed_reference,13.7668,15.5731,65.7329,81.3061,-0.0001,91d8e8772017c3184eada3a1fb5425d02a5c46db87ecbe0f354fafaeeb45458f
2024-12-27,observed,official_observed_reference,12.2999,14.2192,72.022,86.2412,0,0f31d8783853568a2f57a738f05bd16af23225ed50b8c5a22da6ef31bb66e795
2024-12-28,observed,official_observed_reference,8.7955,10.9659,73.4994,84.4653,0,da5e383a0f2ee207685733f1ef7fde53b6f579082e13378e166502a5bcf7fc63
2024-12-29,observed,official_observed_reference,8.7618,10.8687,67.1239,77.9927,-9.999999999e-05,9367fff99ba99adcb3800f6fe88917ec2f7186a21e8192cd6fd50e04f9080d06
2024-12-30,observed,official_observed_reference,14.153,16.2394,71.0067,87.2461,0,484e67c69ea0dfb1f68a9471ab9cb59bd3d15d5a2f3088262dda0ab0aef2951e
2024-12-31,observed,official_observed_reference,12.1806,14.5543,72.9562,87.5106,-0.0001,01f43dd76b507a1e49f668e5baf985fa3b696985e9bb0eb72b7ed9f716b22c4a
2025-01-01,observed,official_observed_reference,9.2623,11.5377,72.1662,83.7039,0,bb5f16c56b1bfb1b3ac7b33d2a946593e3e02bada66412c16997d1b1927dcdca
2025-01-02,observed,official_observed_reference,11.2435,13.6303,69.1481,82.7783,0.0001,604ef08cd2f11bda80d4acf119d4a0e9e0ca933668e0669ae0b82f02f82efdae
2025-01-03,observed,official_observed_reference,12.3918,15.3904,66.2252,81.6156,0,9be7d82cb7013ace28ca9b87bb0647d7bfe493bfb2d86d60510c54d1c775bbff
2025-01-04,observed,official_observed_reference,13.0138,15.2653,64.904,80.1693,-1.421085472e-14,a6475f7c817db5f6ca7b563b53899d98a577470f59f5c51c2989d0d7e770dba8
2025-01-05,observed,official_observed_reference,11.186,13.3031,59.3094,72.6125,0,49802f918be492f70969f97c360a88e06f0f6a0dfd3fa3cf884e2b8787257f47
2025-01-06,observed,official_observed_reference,15.0964,17.2381,63.3569,80.595,0,694652f7ad72e214c0e3815d9c76a015f07aad07d5d5833835fe6f8bea131b12
2025-01-07,observed,official_observed_reference,15.6704,17.861,64.3146,82.1756,0,f85967c51c49dccbb71ed5224e8166868cdb51bee8a348acfe7cc7dad2c8c68d
2025-01-08,observed,official_observed_reference,16.5099,18.7988,65.1819,83.9808,-0.0001,2240823ebdc3dea52c9ae69096ec2918bd7cef1091087af8e7492dd4a5287bae
2025-01-09,observed,official_observed_reference,16.7494,19.2278,64.1279,83.3558,-0.0001,8d55959b487e1abc85d5cb1a70ac5b9d0d71dfdf3c75db555ad0c679125cb7b4
2025-01-10,observed,official_observed_reference,18.4934,21.0476,63.3067,84.3543,0,bf70f77e74b5f18fdde171e238dce728d789cdd72b24e86250781d7bbabb0e6f
2025-01-11,observed,official_observed_reference,20.8933,23.3529,61.8287,85.1816,0,597f84ef003c935117826c82a20e674d5f9531138d463e71c95e4ad615758788
2025-01-12,observed,official_observed_reference,14.9515,17.2004,62.1651,79.3655,0,e3ef0d7bbfff8be0e0b925aa2e9441cbcf8af1321ace19f1bf1eca168f60e579
2025-01-13,observed,official_observed_reference,17.833,19.8618,67.4483,87.3101,0,f873201f4d34240441569c07c31466e74e4fdc154b673e1c5df94c7b56236e5d
2025-01-14,observed,official_observed_reference,14.0881,16.3847,72.708,89.0927,0,b3ad479dee10f9e22d6b0e8c7f08bc19cf03011f95112b4c600731d473ef74ab
2025-01-15,observed,official_observed_reference,14.5564,17.2971,71.2797,88.5768,0,5cf58fe8710d8cfc7f002cc40b74e61294820e328f5aa6394e842eac878c7947
2025-01-16,observed,official_observed_reference,15.7545,18.2788,68.8476,87.1264,0,0668e91009aee788e33209db5de8e17ad290f517a649797d13bba17c20cee85f
2025-01-17,observed,official_observed_reference,16.5286,18.9602,67.3132,86.2734,0,3a50f20a0b7c398b04432261277c7fa9583b13e23a02f6564ad72b1a89bacf29
2025-01-18,observed,official_observed_reference,14.7682,16.9496,68.1464,85.096,0,8562a96fe4ab1868ae3440f07b05ea0299d065089e3dbf1c6654e6df3f7c1745
2025-01-19,observed,official_observed_reference,10.0998,11.6814,66.4322,78.1136,-1.421085472e-14,5d4b8d0caebe5ee1ea14a352991066962cedb9cc5c52f3316553b6bc0c3f7afa
2025-01-20,observed,official_observed_reference,15.4625,17.4226,67.8466,85.2692,0,98dc260c1555fce915e95300c976c7560419b963f671155b924461327115d039
2025-01-21,observed,official_observed_reference,15.4562,17.9042,69.3452,87.2494,1.421085472e-14,7ce8353f28850a29f49e808fb68f4b03aa37ef668e04af1537908a6f06ca4d6e
2025-01-22,observed,official_observed_reference,15.4005,17.3609,69.4714,86.8324,-0.0001,203cf104ef1c0a24cc4c0f14bb72f608d23b41c2ac082fc54372d86b06e008ff
2025-01-23,observed,official_observed_reference,14.4288,16.1746,72.24,88.4146,0,ff1b32834dcf5de4806eb22e1d68f7f5e721aa42779c0a881570213f18da2a17
2025-01-24,observed,official_observed_reference,14.0573,16.3649,70.2402,86.6051,0,2a0ff6d7f9a5f6a2a2690f8042775d8846cd296dd516b5d3618aa7718d7271e3
2025-01-25,observed,official_observed_reference,13.0695,15.2778,70.3025,85.5803,0,062f277566d1281f41f32903ebc08a6171fd43a4469d09ef89d2b6822bf65fd8
2025-01-26,observed,official_observed_reference,9.1983,11.5471,65.5759,77.123,0,30c87de7fcd08cdc6a35c1dbd5ca20c5290d814f059e691d59a0c20d4589df81
2025-01-27,observed,official_observed_reference,13.4253,15.6292,66.9059,82.5351,0,4935d508edbc30af7e02aba1e10fec42a1683cb8aa83427881cc8de55fbc056f
2025-01-28,observed,official_observed_reference,14.2917,16.3516,68.4972,84.8488,1.421085472e-14,65db775b192d706c54d87af5a43cd0e2d8ed8f1e6375aa99a6bdf7ae0a3f637b
2025-01-29,observed,official_observed_reference,14.2469,16.0185,70.3329,86.3514,0,3dd8614fe03f3292c84d56564aea79ccce229739ff10159e3b2dedd04cb9d6e1
2025-01-30,observed,official_observed_reference,16.1209,17.7929,69.2138,87.0067,1.421085472e-14,6dbef6d7b0507c32505f1ff5b7c97a72b5b82be29150a444241ca07bed25867b
2025-01-31,observed,official_observed_reference,18.3485,20.1965,69.806,90.0025,0,b9884015e4a58f3634c5c4625644d1eb2565dda350b4f0338107a2e70e0c1550
2025-02-01,observed,official_observed_reference,16.2444,18.266,72.563,90.829,1.421085472e-14,be7076a6eda52c7d9e0ed94013ae91ce1340a4035b1db18df71cbe2237f21c63
2025-02-02,observed,official_observed_reference,12.3923,14.3983,69.2778,83.6761,0,45fe41a541fcc0af9a1a14374cafecaa824fae3a03302c4c947bdbcc0134fb9f
2025-02-03,observed,official_observed_reference,17.0619,19.113,71.3707,90.4837,0,940c4de26fa6f2be55ac6f51c080b103781b6f7ef0eddfd07e1ce2444d237fe1
2025-02-04,observed,official_observed_reference,16.598,18.8851,70.8287,89.7138,-1.421085472e-14,691ac4eda7207547bb0e873079b51cacb9f674d53f35297e266cdf1109f225e2
2025-02-05,observed,official_observed_reference,17.1391,19.076,69.3196,88.3956,0,961d2b1367a4c56ef56f8e042dfded38a81e268207e6d204b5b05f659a33f8f8
2025-02-06,observed,official_observed_reference,12.1795,14.2076,73.481,87.6886,0,4686298312e929c4da44a8103d8e9f8b25c22756b8c8b011ad0d5596de91c28b
2025-02-07,observed,official_observed_reference,12.9983,14.9754,71.8472,86.8226,0,bbd7a39f3b5348fdecb0519cef02679ab8690c07851e4b42ad010261ae496ed9
2025-02-08,observed,official_observed_reference,15.5968,18.178,66.7637,84.9418,-0.0001,a6c7e1bef5581fcdf67b73d0ea7225964a1d1cbb59d88ad65e11ec81b2400049
2025-02-09,observed,official_observed_reference,14.2837,16.7276,61.6981,78.4257,-1.421085472e-14,31bcc89c9e0fad0ef44d0b047bf2bbe2dcc8e8a2dd7e08ae3527dda1490ba570
2025-02-10,observed,official_observed_reference,16.255,18.4298,67.8205,86.2503,0,858b07fb41f5e47895c992fb1265f9e7dcf12300f812718a392be56aa29dc71b
2025-02-11,observed,official_observed_reference,16.2331,18.4127,69.4049,87.8175,0.0001,09cffaf6286d8b871afd510fcac8b634d6fefa04fd360eb77d3c6e93a78cf123
2025-02-12,observed,official_observed_reference,17.0804,19.472,68.7911,88.2631,1.421085472e-14,88c5768ac6a1fbc80803195c807ad38104f778b7d658c3bf311d1276a3693d14
2025-02-13,observed,official_observed_reference,20.0503,22.1731,67.2117,89.3848,0,9d142f19c51bf7993f1d82baf339dd74aebcc1fd263fc2c3d9ea1cb30d3e99e6
2025-02-14,observed,official_observed_reference,19.3915,21.4336,69.1231,90.5567,-1.421085472e-14,8c0763e68c3c9bdbc233bcdaba7fe6e6916905f9f02305725d9e602c59c10b44
2025-02-15,observed,official_observed_reference,15.9174,17.9472,73.0462,90.9935,-0.0001,70b8c1239548b40be5f16f4d97677c0a7a348e11c3b5813818b2d556fcce6e32
2025-02-16,observed,official_observed_reference,15.4601,17.5638,65.3164,82.8802,0,edee59fa935a4602e0b37338b0bd9dba6ac5238b4130a05adaf67c3aa42106f1
2025-02-17,observed,official_observed_reference,19.2204,21.4975,68.6092,90.1067,0,8ca0444cb5f0b38d959c94b482f15df33c8f6ceec3e0e4b2ed8849fad33243fc
2025-02-18,observed,official_observed_reference,20.5346,22.4239,70.5788,93.0026,0.0001,9837d39d6a50155ffa132351fa169620255ef6a7246767227427d642131fb9f1
2025-02-19,missing,not_observed,,,,,,
2025-02-20,observed,official_observed_reference,19.964,21.863,72.3224,94.1854,0,256e9084d8f880d17e16109e21086e5612f8e833745f2ef3499cd9600859a0c3
2025-02-21,observed,official_observed_reference,19.9096,21.8709,72.9228,94.7937,0,c4292ec0b6a45f2b04a297cf3bd53821adbc437e39f4aa1c82c4297161d7a5c2
2025-02-22,observed,official_observed_reference,19.3196,21.1432,73.4808,94.6241,-0.0001,551ad69e23e1e71ae2f9ce30b8c722495845661b800ff10954d0d96dc33ac4d8
2025-02-23,observed,official_observed_reference,13.0508,14.9457,73.1804,88.1261,1.421085472e-14,a3dd8d2531a550229c294702b519c04a514806641e2de81f686c88e1ffd4566a
2025-02-24,observed,official_observed_reference,14.7858,17.0679,77.3501,94.4179,0.0001,1c48177db6feed35879d9b6327f794a1ff59bc67e591388c19f82f2ad8ce578d
2025-02-25,observed,official_observed_reference,16.0955,18.3687,76.4311,94.7998,0,b4bce19d1f46b571d71b9cb2133eeeb831b67c6db2aff1d03b3ddd293fa2f6d9
2025-02-26,observed,official_observed_reference,12.8677,15.1549,79.0585,94.2134,0,29db5ea9bba850f8409db907bf4529280ef3d2b41497a484a1f56ffa2db05cc8
2025-02-27,observed,official_observed_reference,17.0347,19.4216,76.2691,95.6907,-1.421085472e-14,79740d21d2d18592d0ab0f4a1e73c0025494feb86426c6a9280f2041f19719b6
2025-02-28,observed,official_observed_reference,19.5939,21.7993,76.2354,98.0347,0,addb8d10df38a60955b4caa3e8e0a5d09e01c01b57febf17eecc3fc0cee0f0b4
2025-03-01,observed,official_observed_reference,23.6035,25.5632,74.3348,99.898,0,4dd21baac9c2de81d0ef3b11d2cff5d1e85a4c44167779998eeb47c8122dd41b
2025-03-02,observed,official_observed_reference,17.5005,19.1336,71.8132,90.9468,0,e09d5e49a2721e25e0efb5a2e9c24de6e86df8c7bd0b80e9dce92ca7a555b38a
2025-03-03,observed,official_observed_reference,19.4365,21.0272,75.859,96.8862,0,58e3da1515cd0bcc26b2ce6af71f4c7d34ec200fec235b1e02675158503433b4
2025-03-04,observed,official_observed_reference,18.3014,20.0815,80.7632,100.8447,-1.421085472e-14,e68625d8ce48e75b5b640be3c73f61e26dee90507730776dc1be864ae0ad635f
2025-03-05,missing,not_observed,,,,,,
2025-03-06,observed,official_observed_reference,17.1565,18.8184,83.4495,102.2678,0.0001,875ec99eaa22dd5ab81a29d622e1966abc95b50a21b15daa09d9eb8541b76798
2025-03-07,observed,official_observed_reference,16.0634,17.801,84.9806,102.7817,-0.0001,a482855a40bf33491f55a7f325b24ce65ce036d5689a3c32e788bb03bafc56cb
2025-03-08,observed,official_observed_reference,15.9958,17.7336,83.3312,101.0647,9.999999999e-05,97da6c9fe005ed5297c243c38b4a17c3d9aabd5536c88f0e06e644db26ce9e15
2025-03-09,observed,official_observed_reference,17.3483,19.1121,75.9319,95.044,0,7dc4fe1b85b267de70823bc05b1850f17c1f9b85bb0540b9c950fb94904afb6a
2025-03-10,missing,not_observed,,,,,,
2025-03-11,observed,official_observed_reference,19.3162,21.3566,79.27,100.6266,0,efb28ccf02d032ad6a67ef2a10a05b9d9a63d31b150f7bb3579b26d39815a238
2025-03-12,observed,official_observed_reference,14.5371,15.923,79.5162,95.4392,0,11eff51a2ed41ad9beba7669d3aa8bdbc84fa295e875852b49821e86079c721d
2025-03-13,observed,official_observed_reference,12.7554,14.6742,77.7393,92.4134,0.0001,140fd1da4af9e3162c29d19b817ac2adfd9ae9def3f780cd34757db7dbf72d59
2025-03-14,observed,official_observed_reference,9.2,10.9275,85.8677,96.7953,-0.0001,e276a3d237e2962da960a08ec319ca33f161c9b4df6dd2239bec23c2062f256a
2025-03-15,observed,official_observed_reference,14.0043,15.7049,83.4205,99.1254,0,96ca56f5ba19279a82270545c02662e40e9ad72294d0ac1e44814a060c2dedcd
2025-03-16,observed,official_observed_reference,11.1096,12.6064,79.9787,92.5851,1.421085472e-14,04999487f89f3dbecb76da9cd509aa131691b45f354d602059838888bc5964b2
2025-03-17,missing,not_observed,,,,,,
2025-03-18,observed,official_observed_reference,12.4251,14.3583,78.6174,92.9757,0,2d64c3b3e23fc5be5b9a744c4869b6f8ff136ee30bcb24012fa38a52d7d3da42
2025-03-19,observed,official_observed_reference,15.9997,17.8815,80.2903,98.1718,0,1c2a0bbea38126cd1127bc313fb1f57d5753fce90aa3e74643ac34545fd4d5aa
2025-03-20,observed,official_observed_reference,18.0644,20.0255,81.075,101.1005,1.421085472e-14,d8c8bfeb19f6da12d16352a4a9efd071257cb93fdf3849b941b4c7890059d8d4
2025-03-21,observed,official_observed_reference,17.3924,19.2634,81.9081,101.1715,1.421085472e-14,8079fa8f306f09431cdc2367c3d60d4496a51c6546e3960f4e6db2e36f41d217
2025-03-22,observed,official_observed_reference,14.7784,16.5524,77.7564,94.3088,-1.421085472e-14,5db770dfcc4af12f4c871b6b6e4ff76c67798c35ba12566e5dce68cb852c09f4
2025-03-23,observed,official_observed_reference,12.5235,14.4919,70.6262,85.1181,0,5faeb7d0f7bdabcdc613d431f1c4f0dcc7b82159953e0abad2023b3e76112668
2025-03-24,observed,official_observed_reference,20.1279,22.1169,73.9778,96.0946,0.0001,c31841fd285fab4b5a378d1737c2ffec4d86c2934e72fa16f5aff1b4a315243b
2025-03-25,observed,official_observed_reference,20.3395,22.2716,76.6405,98.9121,1.421085472e-14,71dc4663dcb0f790567836a2131b70ae8d80d891c389c145ec96f95c4edffb50
2025-03-26,observed,official_observed_reference,17.9368,19.7786,77.5596,97.3382,0,7f3547468e3b2110f18e6008b3e607d1ca3b25731b3aceeff83482600d77d37a
2025-03-27,observed,official_observed_reference,17.249,19.1037,78.3882,97.4919,0,9c9393fbfb6e370ea58ed15ad351df9f8d6f36ac25b2571b9e7938c72dd35ed2
2025-03-28,observed,official_observed_reference,19.9929,21.9733,78.69,100.6634,-0.0001,711beb1b1aba0dd59a98c3c4d84f6b20952b13f8dee60c690c15d28a836c1441
2025-03-29,observed,official_observed_reference,19.382,21.1607,82.0164,103.1772,-0.0001,b87802f5c6889ce966344727d6f11c40e29563b55ca5a9a7b4c84c2146648643
2025-03-30,observed,official_observed_reference,17.2203,18.994,77.7039,96.6979,0,5f9f40d59b7156a26225bfe9103074dd9039b4a8852935f3e0bf4f2bf34403fe
2025-03-31,observed,official_observed_reference,16.2425,17.9557,79.0121,96.9678,1.421085472e-14,d8ca0c43a5d2301b0fb68341decbe72207294415b1c4400613d919fa3e6ea656